is_squeezed,energy_level,momentum,prev_momentum,squeeze_on,fired,Signal,Close,timestamp,ma20,ma20_slope,ma20_converging,close_above_ma20,volume_expansion_ratio,volume_expansion,rs_ratio,rs_index,rs_ema20,rs_ema60,rs_slope_1d,rs_slope_5d,rs_slope_20d,rs_slope,rs_above_ema20,rs_above_ema60,rs_ema20_above_ema60,rs_new_high_60,rs_new_high_120,rs_rising_10,rs_percentile_60,rs_high_price_not_high,price_dist_to_high_60,rs_signal,ticker,name,ranking_score,ranking_score_version,feature_schema_version,feature_schema_date,rs_component_score,experimental_score,shadow_score_ma20,shadow_score_rs,composite_score,composite_score_v2,score_version,rank_position_v1,ranking_percentile_v1,rank_position,ranking_percentile,rank_position_v2,ranking_percentile_v2,benchmark_symbol,benchmark_source,benchmark_period,benchmark_last_date,scan_id,has_houyi,has_whale
True,2,3.186665852864583,2.249994913736979,True,False,買入 (動能增強),312.6400146484375,2026-07-28 00:00:00,313.3280029296875,-0.637998962402321,False,False,0.7452520597493362,False,0.4219960867505612,97.0337184355446,0.4234797571359944,0.4262561867600723,-0.036865576758826624,0.1913244469705644,-3.5385915121019296,-0.036865576758826624,False,False,False,False,False,True,0.37257334331279685,False,-0.07361272560969268,中性,FDX,FedEx,5,v1,phase6a,2026-07-12,1,6,5,6,5,6,v1,1,1.0,1,1.0,1,1.0,SPY,yfinance,2y,2026-07-28,scan_20260728_215640,True,True
True,1,1.6483332316080728,1.6466649373372397,True,False,買入 (動能增強),171.5,2026-07-28 00:00:00,166.78399963378905,-0.204499816894554,False,True,1.360877760653812,False,0.23148773505241696,61.47352759210125,0.22688904186240647,0.2363290766255149,0.21380845558824912,-0.6135292137102621,-6.992412173012319,0.21380845558824912,True,False,False,False,False,True,0.32899447728931996,False,-0.10809250729155873,中性,AMT,American Tower,2,v1,phase6a,2026-07-12,0,2,3,2,2,2,v1,36,0.7916666666666666,36,0.7916666666666666,82,0.5178571428571429,SPY,yfinance,2y,2026-07-28,scan_20260728_215640,False,False
True,1,-0.203332265218099,-0.3299980163574219,True,False,觀察 (跌勢收斂),111.9800033569336,2026-07-28 00:00:00,111.75299949645996,-0.015499877929684658,True,True,0.753150976955155,False,0.15114867258459827,88.77851537913912,0.1496558865673673,0.1494081396949618,0.1051081490491157,0.8260765597305042,1.9474973778562887,0.1051081490491157,True,True,True,False,False,True,0.8468772114807595,False,-0.01763307785335777,偏強 (RS上升),ED,Consolidated Edison,1,v1,phase6a,2026-07-12,2,3,2,3,1,3,v1,78,0.5416666666666666,78,0.5416666666666666,68,0.6011904761904762,SPY,yfinance,2y,2026-07-28,scan_20260728_215640,False,False
True,1,-1.9933268229166665,-2.3799947102864585,True,False,觀察 (跌勢收斂),294.5199890136719,2026-07-28 00:00:00,294.4594985961914,0.058999633789028394,False,True,0.7478387805963409,False,0.39753798941363044,79.61529247079596,0.3924383047976799,0.38258764217497315,0.13697546770574665,0.5242584947017459,3.7658927166641654,0.13697546770574665,True,True,True,False,False,True,0.9128710972846164,False,-0.012771084805686561,偏強 (RS上升),ESS,Essex Property Trust,1,v1,phase6a,2026-07-12,2,3,3,3,1,3,v1,79,0.5357142857142857,79,0.5357142857142857,69,0.5952380952380952,SPY,yfinance,2y,2026-07-28,scan_20260728_215640,False,False
True,1,-0.4200007120768229,-0.12333297729492189,True,False,賣出 (動能轉弱),112.31999969482422,2026-07-28 00:00:00,114.23050041198731,-0.20050010681151775,False,False,1.2357389732904618,False,0.15160759376351615,149.45462228093814,0.1530933399130575,0.15293337274253177,-0.10205194305985543,0.5777901471272884,0.45293497138521044,-0.10205194305985543,False,False,True,False,False,False,0.5399890986826505,False,-0.042944792853748526,中性,ETR,Entergy,0,v1,phase6a,2026-07-12,0,0,0,0,0,0,v1,125,0.2619047619047619,125,0.2619047619047619,145,0.14285714285714285,SPY,yfinance,2y,2026-07-28,scan_20260728_215640,False,False
True,1,-0.6850001017252603,-0.8883349100748696,True,False,觀察 (跌勢收斂),85.66000366210938,2026-07-28 00:00:00,86.16549949645996,-0.07749977111816975,False,False,0.7599934420159202,False,0.11562239202520956,116.15978454446747,0.11512073830750233,0.11448615697667021,0.04589085184552033,0.36932161407134956,1.3715937872744943,0.04589085184552033,True,True,True,False,False,True,0.7003453479084836,False,-0.028026706777331656,偏強 (RS上升),EVRG,Evergy,1,v1,phase6a,2026-07-12,2,3,1,3,1,3,v1,80,0.5297619047619048,80,0.5297619047619048,70,0.5892857142857143,SPY,yfinance,2y,2026-07-28,scan_20260728_215640,False,False
True,1,3.0816701253255205,1.9000015258789062,True,False,買入 (動能增強),150.99000549316406,2026-07-28 00:00:00,150.27949981689454,0.06500015258791336,False,True,0.42745657181409036,False,0.20380369905052212,101.02881605301646,0.20460009969452958,0.2070113518669782,-0.040956633082189775,0.476169482177613,-6.1120757228949945,-0.040956633082189775,False,False,False,False,False,True,0.23275527502980392,False,-0.19882203059449444,中性,FDXF,FedEx Freight,2,v1,phase6a,2026-07-12,1,3,4,3,2,3,v1,48,0.7202380952380952,48,0.7202380952380952,61,0.6428571428571429,SPY,yfinance,2y,2026-07-28,scan_20260728_215640,False,False
True,1,-2.480000813802083,-3.7649993896484375,True,False,觀察 (跌勢收斂),388.7099914550781,2026-07-28 00:00:00,396.89950103759764,-0.009500122070335237,True,False,1.6663977190083181,True,0.5246740263217515,73.19541018808455,0.5236385356022777,0.4709731734101777,0.02082003315699854,0.3030029937112655,8.764847601906055,0.02082003315699854,True,True,True,False,False,False,0.8917696180953874,False,-0.050583804634434903,偏強 (RS上升),HUM,Humana,1,v1,phase6a,2026-07-12,1,2,1,2,1,2,v1,89,0.47619047619047616,89,0.47619047619047616,96,0.43452380952380953,SPY,yfinance,2y,2026-07-28,scan_20260728_215640,False,False
True,1,0.8856175740559896,-0.14434305826822924,True,False,買入 (動能增強),224.64999389648438,2026-07-28 00:00:00,223.12745666503906,-0.0899505615234375,True,True,1.2942471931807522,False,0.3032286779395712,80.53745247089522,0.29907348535405476,0.295131412111202,0.146462098220157,0.3415009250795409,0.6274557930932234,0.146462098220157,True,True,True,False,False,True,0.8006844787599103,False,-0.018824304205970144,偏強 (RS上升),IEX,IDEX Corporation,2,v1,phase6a,2026-07-12,2,4,3,4,2,4,v1,50,0.7083333333333334,50,0.7083333333333334,41,0.7619047619047619,SPY,yfinance,2y,2026-07-28,scan_20260728_215640,False,False
True,1,1.143335978190104,0.6600011189778645,True,False,買入 (動能增強),140.27999877929688,2026-07-28 00:00:00,142.3064987182617,-0.009500122070335237,False,False,1.258196512821583,False,0.18934751714621137,148.8529496871916,0.19113449718339034,0.19202091025389484,-0.09831727222446851,0.4173037219057818,-0.9418233432886391,-0.09831727222446851,False,False,False,False,False,False,0.5184071733728841,False,-0.05350521270726283,中性,JCI,Johnson Controls,4,v1,phase6a,2026-07-12,0,4,4,4,4,4,v1,4,0.9821428571428571,4,0.9821428571428571,28,0.8392857142857143,SPY,yfinance,2y,2026-07-28,scan_20260728_215640,False,True
True,1,0.10333347320556638,0.33166694641113276,True,False,觀望 (動能減弱),31.610000610351562,2026-07-28 00:00:00,32.25950059890747,-0.03299999237060547,True,False,0.7346135026239774,False,0.0426666323399172,116.34269825992722,0.043367036011788575,0.04376404420171812,-0.16971778968865037,0.2401080095943975,-0.42886490300088065,-0.16971778968865037,False,False,False,False,False,False,0.30977015024942695,False,-0.07869427732058609,中性,KMI,Kinder Morgan,2,v1,phase6a,2026-07-12,0,2,2,2,2,2,v1,52,0.6964285714285714,52,0.6964285714285714,86,0.49404761904761907,SPY,yfinance,2y,2026-07-28,scan_20260728_215640,False,True
True,1,30.71331787109375,42.013326009114586,True,False,觀望 (動能減弱),1282.010009765625,2026-07-28 00:00:00,1338.2115112304687,-1.438000488281432,False,False,1.0674373159152108,False,1.730434947377093,113.0223236871445,1.8269073832155116,1.902226502830638,-0.5527843461531567,-0.4256986402855767,-8.955055682280378,-0.5527843461531567,False,False,False,False,False,False,0.051031463254296326,False,-0.24020726225264222,中性,MPWR,Monolithic Power Systems,0,v1,phase6a,2026-07-12,0,0,0,0,0,0,v1,141,0.16666666666666666,141,0.16666666666666666,153,0.09523809523809523,SPY,yfinance,2y,2026-07-28,scan_20260728_215640,False,False
True,1,1.7103322347005205,1.5149510701497395,True,False,買入 (動能增強),251.60000610351562,2026-07-28 00:00:00,249.97297210693358,0.34107666015623295,False,True,0.7197314371815676,False,0.33960533849607644,106.86733538354305,0.3333277389500871,0.321328671027967,0.19863709757272918,1.0344610170033075,5.916532334023228,0.19863709757272918,True,True,True,False,False,True,0.9989483559242479,False,-0.006246435890138846,偏強 (RS上升),PNC,PNC Financial Services,2,v1,phase6a,2026-07-12,2,4,4,4,2,4,v1,54,0.6845238095238095,54,0.6845238095238095,43,0.75,SPY,yfinance,2y,2026-07-28,scan_20260728_215640,False,False
True,1,-0.08499972025553384,-0.20833333333333334,True,False,觀察 (跌勢收斂),36.33000183105469,2026-07-28 00:00:00,36.03199977874756,-0.020499992370602627,True,True,1.245687666530628,False,0.04903760838671143,93.75295480298253,0.04842951286460544,0.04924679228499516,0.13234650988835917,0.5737586672990957,-0.8433270021863226,0.13234650988835917,True,False,False,False,False,True,0.5318990495200795,False,-0.03116525982375673,偏強 (RS上升),PPL,PPL Corporation,1,v1,phase6a,2026-07-12,1,2,2,2,1,2,v1,99,0.4166666666666667,99,0.4166666666666667,100,0.4107142857142857,SPY,yfinance,2y,2026-07-28,scan_20260728_215640,False,False
True,1,-1.4413363138834634,-2.377944946289062,True,False,觀察 (跌勢收斂),111.51000213623047,2026-07-28 00:00:00,111.14242324829101,0.01848487854003622,False,True,1.1429964818452008,False,0.15051427306242662,64.12361193980479,0.14748277283875524,0.14216214885444245,0.21683700332446598,0.8739241480851145,5.542926265051551,0.21683700332446598,True,True,True,False,False,True,0.8714589574003088,False,-0.01916382795262217,偏強 (RS上升),RVTY,Revvity,1,v1,phase6a,2026-07-12,2,3,3,3,1,3,v1,101,0.40476190476190477,101,0.40476190476190477,76,0.5535714285714286,SPY,yfinance,2y,2026-07-28,scan_20260728_215640,False,False
True,1,-1.078338623046875,-1.0183385213216145,True,False,賣出 (動能轉弱),217.25,2026-07-28 00:00:00,217.85250015258788,-0.0889999389648608,False,False,1.0323477411076123,False,0.2932402941115894,130.2381239957624,0.2926127327226516,0.2933004245111981,0.02258070233818188,0.10742420153868615,-1.0988381914200596,0.02258070233818188,True,False,False,False,False,True,0.3365504252078056,False,-0.014023765041513925,偏強 (RS上升),SLAB,Silicon Laboratories,0,v1,phase6a,2026-07-12,1,1,0,1,0,1,v1,157,0.07142857142857142,157,0.07142857142857142,136,0.19642857142857142,SPY,yfinance,2y,2026-07-28,scan_20260728_215640,False,False
True,1,-1.2566680908203123,-2.381663004557291,True,False,觀察 (跌勢收斂),470.0299987792969,2026-07-28 00:00:00,477.75950012207034,-0.5160003662109034,False,False,1.0914980122632543,False,0.6344383663213395,103.42232947973706,0.6401051610624372,0.6394194687252049,-0.09310178846974049,0.4593515577914431,-0.24411814768398044,-0.09310178846974049,False,False,True,False,False,False,0.45667303945791793,False,-0.06640049506051782,中性,TT,Trane Technologies,1,v1,phase6a,2026-07-12,0,1,1,1,1,1,v1,107,0.36904761904761907,107,0.36904761904761907,123,0.27380952380952384,SPY,yfinance,2y,2026-07-28,scan_20260728_215640,False,False
True,1,0.8250071207682291,-0.7016652425130208,True,False,買入 (動能增強),428.7900085449219,2026-07-28 00:00:00,424.89099884033203,0.4485000610351335,False,True,1.0283714239619366,False,0.5787733404732972,56.854250567688325,0.567384215145187,0.5411493023675272,0.21174254629592326,0.6177949219984269,3.788707769281574,0.21174254629592326,True,True,True,False,False,True,0.9099753318121078,False,-0.017325535585761553,偏強 (RS上升),UNH,UnitedHealth Group,2,v1,phase6a,2026-07-12,2,4,4,4,2,4,v1,57,0.6666666666666666,57,0.6666666666666666,44,0.7440476190476191,SPY,yfinance,2y,2026-07-28,scan_20260728_215640,False,False
True,1,-0.7066701253255208,-5.383336385091146,True,False,觀察 (跌勢收斂),383.8999938964844,2026-07-28 00:00:00,374.3885040283203,0.7514999389648551,False,True,0.8398828409697269,False,0.5181815747739583,85.76117984103469,0.5008674918447635,0.4907668576010288,0.3652045813399951,1.051442646089784,2.1088776418856314,0.3652045813399951,True,True,True,True,False,True,1.0,False,0.0,強勢 (RS強勁),WAT,Waters Corporation,1,v1,phase6a,2026-07-12,3,4,3,4,1,4,v1,108,0.3630952380952381,108,0.3630952380952381,53,0.6904761904761905,SPY,yfinance,2y,2026-07-28,scan_20260728_215640,False,False
False,0,5.613334655761719,4.050000508626302,False,True,強烈買入 (爆發),140.5399932861328,2026-07-28 00:00:00,134.02150115966796,0.3982498168945199,False,True,0.6965958219696265,False,0.1896984532366692,74.6420055403427,0.18079888530432356,0.17604649157075697,0.5208416244541825,2.168409423663764,3.207817901775334,0.5208416244541825,True,True,True,True,False,True,1.0,False,0.0,強勢 (RS強勁),A,Agilent Technologies,3,v1,phase6a,2026-07-12,3,6,5,6,3,6,v1,8,0.9583333333333334,8,0.9583333333333334,2,0.9940476190476191,SPY,yfinance,2y,2026-07-28,scan_20260728_215640,False,False
False,0,-3.5083262125651045,-4.651659647623697,False,True,強烈賣出 (跌破),153.11000061035156,2026-07-28 00:00:00,145.85050048828126,0.29700012207032955,False,True,2.0003751983240488,True,0.20666523180853913,78.39430687537318,0.19441398213397654,0.1915354209009054,0.6677589072741297,0.21238730865222877,3.1315011216056954,0.6677589072741297,True,True,True,True,True,True,1.0,False,0.0,強勢 (RS強勁),ABNB,Airbnb,0,v1,phase6a,2026-07-12,3,3,2,3,0,3,v1,110,0.35119047619047616,110,0.35119047619047616,77,0.5476190476190477,SPY,yfinance,2y,2026-07-28,scan_20260728_215640,False,False
True,0,-10.064997355143229,-7.8483327229817705,True,False,賣出 (動能轉弱),365.8299865722656,2026-07-28 00:00:00,383.1625,-1.2975006103515625,False,False,1.2337035035999107,False,0.49379099128787096,119.12024757850428,0.5160686640867508,0.5270628112058052,-0.45234496494382936,-1.3302073342140952,-7.234115468882307,-0.45234496494382936,False,False,False,False,False,False,0.0,False,-0.17879595593461317,中性,ADI,Analog Devices,0,v1,phase6a,2026-07-12,0,0,0,0,0,0,v1,111,0.34523809523809523,111,0.34523809523809523,140,0.17261904761904762,SPY,yfinance,2y,2026-07-28,scan_20260728_215640,False,False
True,0,-1.1199989318847656,-1.3433329264322917,True,False,觀察 (跌勢收斂),112.51000213623047,2026-07-28 00:00:00,112.60099983215332,-0.10399971008300213,True,False,0.565218736145336,False,0.15186405577410253,109.51635018062792,0.15082952488725643,0.15102228495706718,0.07225154932635203,0.594936364115406,0.3591188441915083,0.07225154932635203,True,True,False,False,False,True,0.5716624868879391,False,-0.04910410390110831,偏強 (RS上升),AEE,Ameren,1,v1,phase6a,2026-07-12,1,2,1,2,1,2,v1,61,0.6428571428571429,61,0.6428571428571429,88,0.48214285714285715,SPY,yfinance,2y,2026-07-28,scan_20260728_215640,False,False
True,0,-2.5516764322916665,-3.028340657552083,True,False,觀察 (跌勢收斂),283.0799865722656,2026-07-28 00:00:00,276.79350128173826,0.7549987792968409,False,True,1.230445466456738,False,0.3820964718966902,121.35778494442192,0.36891133870144144,0.35527298893497916,0.37763817060749716,0.9594996141872647,5.317213348079752,0.37763817060749716,True,True,True,True,True,True,1.0,False,0.0,強勢 (RS強勁),AIZ,Assurant,1,v1,phase6a,2026-07-12,3,4,3,4,1,4,v1,62,0.6369047619047619,62,0.6369047619047619,45,0.7380952380952381,SPY,yfinance,2y,2026-07-28,scan_20260728_215640,False,False
False,0,0.6416664123535156,-0.011666615804036495,False,True,強烈買入 (爆發),46.689998626708984,2026-07-28 00:00:00,43.76299991607666,0.1875,False,True,1.0275166958955515,False,0.06302135295450333,69.71476642347136,0.05855282319928071,0.05690880064761598,0.8098341923432173,1.9678972125446004,6.466584585957458,0.8098341923432173,True,True,True,True,False,True,1.0,False,0.0,強勢 (RS強勁),AMCR,Amcor,3,v1,phase6a,2026-07-12,3,6,5,6,3,6,v1,9,0.9523809523809523,9,0.9523809523809523,3,0.9880952380952381,SPY,yfinance,2y,2026-07-28,scan_20260728_215640,False,False
True,0,-16.671651204427082,-5.678314208984375,True,False,賣出 (動能轉弱),454.6199951171875,2026-07-28 00:00:00,527.4845001220704,-4.243499755859375,False,False,1.296647146855883,False,0.613638209791362,233.6707633310611,0.6953460567016572,0.6422113966704746,-1.221800423018271,-0.8996504558318352,0.9991056936968112,-1.221800423018271,False,False,True,False,False,False,0.4542823121639503,False,-0.2174002579844203,中性,AMD,Advanced Micro Devices,1,v1,phase6a,2026-07-12,0,1,1,1,1,1,v1,63,0.6309523809523809,63,0.6309523809523809,111,0.34523809523809523,SPY,yfinance,2y,2026-07-28,scan_20260728_215640,True,False
True,0,5.138331095377604,2.9083328247070312,True,False,買入 (動能增強),241.42999267578125,2026-07-28 00:00:00,236.4095001220703,0.19549942016601562,False,True,1.0970380457123958,False,0.32587803019380884,102.19515926251802,0.31797182532826046,0.31652818224990226,0.26241822492596434,1.2119863659448837,1.054161420631372,0.26241822492596434,True,True,True,False,False,True,0.9012572792121812,False,-0.006951309951251261,偏強 (RS上升),AME,Ametek,2,v1,phase6a,2026-07-12,2,4,4,4,2,4,v1,35,0.7976190476190477,35,0.7976190476190477,38,0.7797619047619048,SPY,yfinance,2y,2026-07-28,scan_20260728_215640,False,False
False,0,7.583333333333333,3.105005900065104,False,True,強烈買入 (爆發),393.1000061035156,2026-07-28 00:00:00,367.6195007324219,1.6275009155273779,False,True,1.395295596073549,False,0.5305995921982164,90.29339542647772,0.49380802214147246,0.48410365931568744,0.7904711986689961,2.186297079794053,5.062754986733897,0.7904711986689961,True,True,True,True,False,True,1.0,False,0.0,強勢 (RS強勁),AMGN,Amgen,3,v1,phase6a,2026-07-12,3,6,5,6,3,6,v1,10,0.9464285714285714,10,0.9464285714285714,4,0.9821428571428571,SPY,yfinance,2y,2026-07-28,scan_20260728_215640,False,False
True,0,-1.9850031534830732,1.3449986775716143,True,False,賣出 (動能轉弱),169.7100067138672,2026-07-28 00:00:00,173.58050155639648,0.28050003051757244,False,False,0.9404210883700448,False,0.22907163306077893,152.1175556332438,0.23102708213023343,0.22345134204250353,-0.0890170591432704,0.6672899605091986,5.272242880036271,-0.0890170591432704,False,True,True,False,False,False,0.7034376116934693,False,-0.09226572197550387,中性,ANET,Arista Networks,1,v1,phase6a,2026-07-12,0,1,2,1,1,1,v1,64,0.625,64,0.625,112,0.3392857142857143,SPY,yfinance,2y,2026-07-28,scan_20260728_215640,True,False
True,0,-8.208328247070312,-8.723327636718748,True,False,觀察 (跌勢收斂),292.8500061035156,2026-07-28 00:00:00,298.67849884033205,1.1587615966797102,False,False,0.712480650911691,False,0.39528387535270737,83.28659041778022,0.39581149219782685,0.3953396132087704,-0.01402961372197753,0.3448021767380016,4.660808783086301,-0.01402961372197753,False,False,True,False,False,False,0.541245405609651,False,-0.0679206727523749,中性,APD,Air Products,1,v1,phase6a,2026-07-12,0,1,2,1,1,1,v1,65,0.6190476190476191,65,0.6190476190476191,113,0.3333333333333333,SPY,yfinance,2y,2026-07-28,scan_20260728_215640,False,False
True,0,1.5916684468587239,0.8333333333333333,True,False,買入 (動能增強),124.69000244140625,2026-07-28 00:00:00,120.28999977111816,0.4930000305175781,False,True,0.4814220426807874,False,0.16830440961423598,75.5581910230834,0.16384641787541468,0.16833862350659443,0.2872263791168672,0.4806001918029601,-5.459939184196938,0.2872263791168672,True,False,False,False,False,True,0.40431217073192965,False,-0.10236844608608942,偏強 (RS上升),APO,Apollo Global Management,2,v1,phase6a,2026-07-12,1,3,4,3,2,3,v1,37,0.7857142857142857,37,0.7857142857142857,57,0.6666666666666666,SPY,yfinance,2y,2026-07-28,scan_20260728_215640,False,False
True,0,-1.806666056315104,-2.1066659291585283,True,False,觀察 (跌勢收斂),59.400001525878906,2026-07-28 00:00:00,58.70249996185303,0.008500099182128906,False,True,0.9354692912453914,False,0.08017709513315346,61.926264795115515,0.07918637244375185,0.08364298739805835,0.13187133061836054,-1.123461300465567,-7.559756988551092,0.13187133061836054,True,False,False,False,False,True,0.27558158577786224,False,-0.22676384064238664,中性,APTV,Aptiv,2,v1,phase6a,2026-07-12,0,2,4,2,2,2,v1,38,0.7797619047619048,38,0.7797619047619048,83,0.5119047619047619,SPY,yfinance,2y,2026-07-28,scan_20260728_215640,True,False
True,0,2.0150019327799478,2.2016677856445312,True,False,觀望 (動能減弱),179.3800048828125,2026-07-28 00:00:00,176.79749908447266,0.2270004272461108,False,True,0.6740480309837896,False,0.24212402941115893,106.14217293466434,0.23761328552819086,0.2400273094334655,0.20022695803405544,1.012488906630571,1.9460353374660233,0.20022695803405544,True,True,False,False,False,True,0.5313180838623125,False,-0.043202769571501376,偏強 (RS上升),ATO,Atmos Energy,0,v1,phase6a,2026-07-12,1,1,2,1,0,1,v1,112,0.3392857142857143,112,0.3392857142857143,124,0.26785714285714285,SPY,yfinance,2y,2026-07-28,scan_20260728_215640,False,False
True,0,-2.4733352661132812,-1.996668497721354,True,False,賣出 (動能轉弱),190.38999938964844,2026-07-28 00:00:00,191.4479995727539,-0.023500061035150566,True,False,0.9618806593284687,False,0.2569851296521327,70.48655874067259,0.25528080707375644,0.2522789944725826,0.07032590701889774,0.20405153822269373,2.8389357197574183,0.07032590701889774,True,True,True,False,False,True,0.8336958046003328,False,-0.02613811053888271,偏強 (RS上升),AVB,AvalonBay Communities,0,v1,phase6a,2026-07-12,2,2,0,2,0,2,v1,113,0.3333333333333333,113,0.3333333333333333,102,0.39880952380952384,SPY,yfinance,2y,2026-07-28,scan_20260728_215640,False,False
True,0,4.488337198893228,9.135004679361977,True,False,觀望 (動能減弱),380.9100036621094,2026-07-28 00:00:00,382.73499908447263,0.4229995727538949,False,False,0.9518149447641578,False,0.5141457376475193,185.5641515780702,0.5177020751762077,0.5273189816202924,-0.07225793332112929,0.4778894173279591,-2.4964971003463066,-0.07225793332112929,False,False,False,False,False,False,0.19847856956840673,False,-0.2077728103018498,中性,AVGO,Broadcom,0,v1,phase6a,2026-07-12,0,0,1,0,0,0,v1,114,0.3273809523809524,114,0.3273809523809524,141,0.16666666666666666,SPY,yfinance,2y,2026-07-28,scan_20260728_215640,False,False
True,0,1.5233306884765625,0.6083323160807291,True,False,買入 (動能增強),138.0399932861328,2026-07-28 00:00:00,133.18450088500975,0.27699966430662926,False,True,1.8702607290945146,True,0.18632399645747946,73.68387204226198,0.17863875389908673,0.1776628424925737,0.4549141861067696,1.4776701919494206,3.6027991936520065,0.4549141861067696,True,True,True,True,False,True,1.0,False,0.0,強勢 (RS強勁),AWK,American Water Works,2,v1,phase6a,2026-07-12,3,5,4,5,2,5,v1,39,0.7738095238095238,39,0.7738095238095238,23,0.8690476190476191,SPY,yfinance,2y,2026-07-28,scan_20260728_215640,False,False
False,0,1.4833323160807292,0.5533320109049479,False,True,強烈買入 (爆發),66.88999938964844,2026-07-28 00:00:00,62.3754997253418,0.25499992370605185,False,True,0.9666445502718857,False,0.090286964760159,78.16523460948272,0.08351653328386337,0.08197147028442701,0.8606809265502946,2.112098736323631,6.375420920245434,0.8606809265502946,True,True,True,True,False,True,1.0,False,0.0,強勢 (RS強勁),BALL,Ball Corporation,3,v1,phase6a,2026-07-12,3,6,5,6,3,6,v1,11,0.9404761904761905,11,0.9404761904761905,5,0.9761904761904762,SPY,yfinance,2y,2026-07-28,scan_20260728_215640,False,False
False,0,0.09666665395100904,-0.1316668192545573,False,True,強烈買入 (爆發),24.3700008392334,2026-07-28 00:00:00,22.42199993133545,0.11750001907348562,False,True,1.058950982244627,False,0.03289420581632443,50.162585667614195,0.029938058235324173,0.028272969128578157,1.0503076230229613,2.005859863521442,8.993557596271584,1.0503076230229613,True,True,True,True,True,True,1.0,False,0.0,強勢 (RS強勁),BAX,Baxter International,3,v1,phase6a,2026-07-12,3,6,5,6,3,6,v1,12,0.9345238095238095,12,0.9345238095238095,6,0.9702380952380952,SPY,yfinance,2y,2026-07-28,scan_20260728_215640,False,False
False,0,3.0533320109049473,0.9166666666666667,False,True,強烈買入 (爆發),166.33999633789062,2026-07-28 00:00:00,155.0514991760254,0.5574996948242301,False,True,1.1401069615051438,False,0.22452285131711738,66.75017799246397,0.20844906319856393,0.2074981117445237,0.8183408527851821,1.6338324820230898,4.072744003703366,0.8183408527851821,True,True,True,True,False,True,1.0,False,0.0,強勢 (RS強勁),BDX,Becton Dickinson,3,v1,phase6a,2026-07-12,3,6,5,6,3,6,v1,13,0.9285714285714286,13,0.9285714285714286,7,0.9642857142857143,SPY,yfinance,2y,2026-07-28,scan_20260728_215640,False,False
True,0,-3.2066650390625,-5.915000915527344,True,False,觀察 (跌勢收斂),205.61000061035156,2026-07-28 00:00:00,203.85200042724608,-0.5510002136230696,True,True,1.1259310190435492,False,0.2775288241715239,68.87575372431427,0.2719335346195872,0.26979562991475836,0.2170590243559367,0.05174151292572926,0.18241069121058828,0.2170590243559367,True,True,True,False,False,True,0.6005788204128073,False,-0.050870165831470526,偏強 (RS上升),BIIB,Biogen,1,v1,phase6a,2026-07-12,2,3,2,3,1,3,v1,66,0.6130952380952381,66,0.6130952380952381,65,0.6190476190476191,SPY,yfinance,2y,2026-07-28,scan_20260728_215640,False,False
False,0,2.9850006103515625,-1.033332824707031,False,True,強烈買入 (爆發),199.30999755859375,2026-07-28 00:00:00,180.4729995727539,0.8449996948242244,False,True,1.4507141188582562,False,0.26902518896875577,96.86612831470194,0.24239391226291052,0.23924060837078479,1.170034238019113,1.6512840451186284,4.200881112649646,1.170034238019113,True,True,True,True,False,True,1.0,False,0.0,強勢 (RS強勁),BKNG,Booking Holdings,3,v1,phase6a,2026-07-12,3,6,5,6,3,6,v1,14,0.9226190476190477,14,0.9226190476190477,8,0.9583333333333334,SPY,yfinance,2y,2026-07-28,scan_20260728_215640,False,False
True,0,-0.6749998728434244,-0.7716668446858724,True,False,觀察 (跌勢收斂),46.060001373291016,2026-07-28 00:00:00,44.18250026702881,0.12900009155273295,False,True,1.1472800877953444,False,0.06217099355343645,43.76906639814583,0.06000562836470465,0.06773017006213813,0.38130138180876294,0.2847105079470946,-5.526518666475944,0.38130138180876294,True,False,False,False,False,True,0.24115810965294426,False,-0.20283831176204947,偏強 (RS上升),BSX,Boston Scientific,1,v1,phase6a,2026-07-12,1,2,3,2,1,2,v1,67,0.6071428571428571,67,0.6071428571428571,89,0.47619047619047616,SPY,yfinance,2y,2026-07-28,scan_20260728_215640,False,False
True,0,0.5716667175292969,0.07166671752929682,True,False,買入 (動能增強),69.95999908447266,2026-07-28 00:00:00,68.32099990844726,0.1794998168945341,False,True,1.2573573098140889,False,0.09443079727308303,77.68757850127064,0.09126719097009946,0.08762845232810389,0.36621124267275373,1.2039059816438158,5.880606811614086,0.36621124267275373,True,True,True,True,True,True,1.0,True,-0.009766488697859455,強勢 (RS強勁),BXP,"BXP, Inc.",2,v1,phase6a,2026-07-12,3,5,4,5,2,5,v1,40,0.7678571428571429,40,0.7678571428571429,24,0.8630952380952381,SPY,yfinance,2y,2026-07-28,scan_20260728_215640,False,False
False,0,-0.8483301798502603,-2.0483322143554688,False,True,強烈賣出 (跌破),147.0500030517578,2026-07-28 00:00:00,139.82600173950195,0.5480003356933594,False,True,1.2833512938129994,False,0.1984855518711511,95.55495996525325,0.18735197720157473,0.1883761165640835,0.629474213159753,1.144268054971409,3.6513649992965025,0.629474213159753,True,True,False,False,False,True,0.9295935372341376,False,0.0,偏強 (RS上升),CBRE,CBRE Group,0,v1,phase6a,2026-07-12,1,1,2,1,0,1,v1,115,0.32142857142857145,115,0.32142857142857145,125,0.2619047619047619,SPY,yfinance,2y,2026-07-28,scan_20260728_215640,False,False
False,0,-1.4883346557617188,-0.5616671244303386,False,True,強烈賣出 (跌破),75.75,2026-07-28 00:00:00,77.08650016784668,-0.1439998626708956,True,False,0.8650547369312024,False,0.10224604040944947,55.805702534919526,0.10473900839126932,0.11172660260185188,-0.24991820788506924,-1.8736410903677725,-9.535984998578629,-0.24991820788506924,False,False,False,False,False,False,0.09061003045440036,False,-0.18897323597236793,中性,CCI,Crown Castle,0,v1,phase6a,2026-07-12,0,0,0,0,0,0,v1,116,0.31547619047619047,116,0.31547619047619047,142,0.16071428571428573,SPY,yfinance,2y,2026-07-28,scan_20260728_215640,False,False
True,0,1.421667734781901,0.9350001017252603,True,False,買入 (動能增強),72.94000244140625,2026-07-28 00:00:00,71.38850021362305,0.12550010681152912,False,True,0.7519258593856338,False,0.09845315428500813,130.8835805558763,0.0955249889009657,0.09226526302139337,0.3237118465656108,1.1976676011648202,5.082446926829154,0.3237118465656108,True,True,True,False,False,True,0.9652806409188082,False,-0.01962364320603971,偏強 (RS上升),CFG,Citizens Financial Group,2,v1,phase6a,2026-07-12,2,4,4,4,2,4,v1,41,0.7619047619047619,41,0.7619047619047619,39,0.7738095238095238,SPY,yfinance,2y,2026-07-28,scan_20260728_215640,False,False
True,0,0.3566678365071614,-0.14166514078776038,True,False,買入 (動能增強),99.93000030517578,2026-07-28 00:00:00,97.36599960327149,0.10149993896484943,False,True,1.0607150279051354,False,0.13488378678969373,72.40175437670592,0.1310468039859477,0.13161227686983853,0.3091579355017471,0.6889664394508221,-0.21898625213356837,0.3091579355017471,True,True,False,False,False,True,0.8771838115520874,False,0.0,偏強 (RS上升),CHD,Church & Dwight,4,v1,phase6a,2026-07-12,1,5,6,5,4,5,v1,2,0.9940476190476191,2,0.9940476190476191,16,0.9107142857142857,SPY,yfinance,2y,2026-07-28,scan_20260728_215640,False,True
True,0,-5.146666208902994,-8.466665903727213,True,False,觀察 (跌勢收斂),139.97000122070312,2026-07-28 00:00:00,132.70550041198732,-0.30999984741208664,False,True,1.210798400632304,False,0.18892908780095977,26.643224293862676,0.177844506748766,0.20051239961128964,0.6604104240391484,-0.51025046841493,-4.655786506451265,0.6604104240391484,True,False,False,False,False,True,0.30607371325657085,False,-0.18498895572543528,中性,CHTR,Charter Communications,1,v1,phase6a,2026-07-12,0,1,2,1,1,1,v1,68,0.6011904761904762,68,0.6011904761904762,114,0.3273809523809524,SPY,yfinance,2y,2026-07-28,scan_20260728_215640,False,False
True,0,-1.3859736124674478,-1.543670654296875,True,False,觀察 (跌勢收斂),92.7300033569336,2026-07-28 00:00:00,92.04414901733398,0.05924110412597372,False,True,0.9244501284984861,False,0.1251653553848372,69.19726886777646,0.1229229809463768,0.12230602160076667,0.19239163649180657,0.16966672781666414,1.6055826636326875,0.19239163649180657,True,True,True,False,False,True,0.8772177046085807,False,-0.0196403330783419,偏強 (RS上升),CL,Colgate-Palmolive,1,v1,phase6a,2026-07-12,2,3,3,3,1,3,v1,69,0.5952380952380952,69,0.5952380952380952,66,0.6130952380952381,SPY,yfinance,2y,2026-07-28,scan_20260728_215640,False,False
True,0,0.5116678873697917,-0.13666534423828125,True,False,買入 (動能增強),100.31999969482422,2026-07-28 00:00:00,96.19600105285645,0.16150016784668253,False,True,1.0644291463478543,False,0.13541020122340536,58.10599479184574,0.12938033725652143,0.13166616454629296,0.4930051591604201,0.6849815402591775,0.4852913942703374,0.4930051591604201,True,True,False,False,False,True,0.9053182619486326,False,0.0,偏強 (RS上升),CLX,Clorox,2,v1,phase6a,2026-07-12,1,3,4,3,2,3,v1,42,0.7559523809523809,42,0.7559523809523809,58,0.6607142857142857,SPY,yfinance,2y,2026-07-28,scan_20260728_215640,False,False
True,0,-0.3583335876464844,-0.45333353678385413,True,False,觀察 (跌勢收斂),24.190000534057617,2026-07-28 00:00:00,23.475,0.014778327941897373,False,True,1.0956207555507105,False,0.032651244516301775,49.434780863360714,0.03139390392032067,0.0330738372881245,0.4233687454242796,-0.7148972341438964,-0.6146135280951648,0.4233687454242796,True,False,False,False,False,True,0.39677955468246545,False,-0.09821285473240815,中性,CMCSA,Comcast,1,v1,phase6a,2026-07-12,0,1,3,1,1,1,v1,70,0.5892857142857143,70,0.5892857142857143,115,0.32142857142857145,SPY,yfinance,2y,2026-07-28,scan_20260728_215640,False,False
True,0,-15.98333740234375,-21.47333780924479,True,False,觀察 (跌勢收斂),641.5999755859375,2026-07-28 00:00:00,666.8360076904297,-2.2135009765625,True,False,1.4933182703313366,False,0.8660205548575783,164.26504765075796,0.8923947625228719,0.8966245976857093,-0.31013430971403855,-0.5138520702742677,-4.120085978640098,-0.31013430971403855,False,False,False,False,False,False,0.11041170370442328,False,-0.11818475803079231,中性,CMI,Cummins,1,v1,phase6a,2026-07-12,0,1,1,1,1,1,v1,71,0.5833333333333334,71,0.5833333333333334,116,0.31547619047619047,SPY,yfinance,2y,2026-07-28,scan_20260728_215640,False,False
True,0,-2.241666793823242,-2.0866673787434893,True,False,賣出 (動能轉弱),63.90999984741211,2026-07-28 00:00:00,66.15100002288818,-0.03150005340576456,True,False,2.643239434532249,True,0.08626461289724631,62.475150341650426,0.08754729509522918,0.08224782256993811,-0.15398678724785064,-0.7032621641067993,3.514102329295943,-0.15398678724785064,False,True,True,False,False,False,0.7050374625820715,False,-0.0699941980187555,中性,CNC,Centene Corporation,0,v1,phase6a,2026-07-12,0,0,0,0,0,0,v1,117,0.30952380952380953,117,0.30952380952380953,143,0.15476190476190477,SPY,yfinance,2y,2026-07-28,scan_20260728_215640,False,False
True,0,-0.11666679382324222,-0.33333269755045575,True,False,觀察 (跌勢收斂),44.099998474121094,2026-07-28 00:00:00,43.75700016021729,-0.0345001220703125,True,True,0.9148995285954046,False,0.059525415525302244,113.99725625331715,0.05872389135389842,0.058764194545130016,0.14388072216819925,0.9542626503522555,0.2102468181558459,0.14388072216819925,True,True,False,False,False,True,0.6867426103314185,False,-0.020870391258855148,偏強 (RS上升),CNP,CenterPoint Energy,1,v1,phase6a,2026-07-12,1,2,2,2,1,2,v1,72,0.5773809523809523,72,0.5773809523809523,90,0.47023809523809523,SPY,yfinance,2y,2026-07-28,scan_20260728_215640,False,False
False,0,3.626668294270833,2.1366678873697915,False,True,強烈買入 (爆發),212.41000366210938,2026-07-28 00:00:00,204.3645004272461,0.506500244140625,False,True,0.7946657346238706,False,0.28670735073013,105.31450043582097,0.2739719821934208,0.27010026047825,0.49171336284872247,0.7747850294953063,3.8200797952697485,0.49171336284872247,True,True,True,True,False,True,1.0,False,0.0,強勢 (RS強勁),COF,Capital One,3,v1,phase6a,2026-07-12,3,6,5,6,3,6,v1,15,0.9166666666666666,15,0.9166666666666666,9,0.9523809523809523,SPY,yfinance,2y,2026-07-28,scan_20260728_215640,False,False
True,0,3.6800003051757812,2.406667073567708,True,False,買入 (動能增強),167.89999389648438,2026-07-28 00:00:00,162.05449981689452,0.8125,False,True,0.7161758793171111,False,0.22662850905196383,51.495758111106234,0.2192333740910387,0.2320719314486092,0.35633676363957534,0.8177423808313877,-0.0006764855665974956,0.35633676363957534,True,False,False,False,False,True,0.3265480666793872,False,-0.2248384618408411,偏強 (RS上升),COIN,Coinbase,2,v1,phase6a,2026-07-12,1,3,4,3,2,3,v1,43,0.75,43,0.75,59,0.6547619047619048,SPY,yfinance,2y,2026-07-28,scan_20260728_215640,False,False
True,0,-0.9383316040039062,-1.2249984741210938,True,False,觀察 (跌勢收斂),72.05999755859375,2026-07-28 00:00:00,71.24599914550781,0.03349990844726847,False,True,0.7467534389351234,False,0.09726533890799745,55.89127499341911,0.09475489988313486,0.09391359732866529,0.27966445212719293,0.5245027377079214,4.5350928733352,0.27966445212719293,True,True,True,False,False,True,0.888108798907881,False,-0.02884096331083652,偏強 (RS上升),COO,Cooper Companies (The),1,v1,phase6a,2026-07-12,2,3,3,3,1,3,v1,73,0.5714285714285714,73,0.5714285714285714,67,0.6071428571428571,SPY,yfinance,2y,2026-07-28,scan_20260728_215640,False,False
False,0,1.422139485677084,-5.356547037760416,False,True,強烈買入 (爆發),966.5800170898438,2026-07-28 00:00:00,934.4735778808594,1.0701385498047102,False,True,1.067120443217985,False,1.3046729965192676,86.06749441842646,1.2644742616979967,1.3072277287704295,0.33576432392088407,0.44519055427472143,-3.402413341723587,0.33576432392088407,True,False,False,False,False,True,0.33053876075373445,False,-0.11532568402510757,偏強 (RS上升),COST,Costco,3,v1,phase6a,2026-07-12,1,4,5,4,3,4,v1,16,0.9107142857142857,16,0.9107142857142857,29,0.8333333333333334,SPY,yfinance,2y,2026-07-28,scan_20260728_215640,False,False
True,0,-3.845003763834635,-6.5800018310546875,True,False,觀察 (跌勢收斂),240.42999267578125,2026-07-28 00:00:00,227.93699951171874,0.7429992675781136,False,True,1.2043801599473851,False,0.32452824748213294,72.58808786066518,0.2995307542826098,0.2769552208517482,0.8862647503291354,2.031090784793843,15.007497198413699,0.8862647503291354,True,True,True,True,True,True,1.0,False,0.0,強勢 (RS強勁),CRL,Charles River Laboratories,1,v1,phase6a,2026-07-12,3,4,3,4,1,4,v1,74,0.5654761904761905,74,0.5654761904761905,46,0.7321428571428571,SPY,yfinance,2y,2026-07-28,scan_20260728_215640,False,False
False,0,2.5116653442382812,1.2416661580403643,False,True,強烈買入 (爆發),181.5,2026-07-28 00:00:00,167.26699981689453,1.1785003662109261,False,True,1.3504460074674103,False,0.24498556216917594,51.14219569476836,0.225802537430399,0.23453696577807912,0.9023309682273384,0.6234938898899589,1.6761811424290674,0.9023309682273384,True,True,False,False,False,True,0.5802649726378806,False,-0.13182994739647902,偏強 (RS上升),CRM,Salesforce,3,v1,phase6a,2026-07-12,1,4,5,4,3,4,v1,17,0.9047619047619048,17,0.9047619047619048,30,0.8273809523809523,SPY,yfinance,2y,2026-07-28,scan_20260728_215640,False,False
True,0,-0.8333336512247721,-1.1033337910970051,True,False,觀察 (跌勢收斂),30.329999923706055,2026-07-28 00:00:00,28.921500205993652,0.05050001144409322,False,True,1.237597015770365,False,0.040938909542149814,27.650880452053777,0.03922953053152888,0.044056134343078895,0.4607848776799317,-1.1216007713455545,-7.477354065052511,0.4607848776799317,True,False,False,False,False,True,0.3302337702709191,False,-0.1427360370817028,中性,CSGP,CoStar Group,1,v1,phase6a,2026-07-12,0,1,3,1,1,1,v1,75,0.5595238095238095,75,0.5595238095238095,117,0.30952380952380953,SPY,yfinance,2y,2026-07-28,scan_20260728_215640,False,False
False,0,1.208333333333333,-0.26000213623046875,False,True,強烈買入 (爆發),140.77000427246094,2026-07-28 00:00:00,137.11999893188477,0.2514999389648551,False,True,0.7276316740630201,False,0.19000891808951043,103.46312676848247,0.1854668519908393,0.18943168475210864,0.25845476946726453,0.87174572469082,-2.796571434396178,0.25845476946726453,True,True,False,False,False,True,0.43993611001500776,False,-0.07917238430344509,偏強 (RS上升),DD,DuPont,3,v1,phase6a,2026-07-12,1,4,5,4,3,4,v1,18,0.8988095238095238,18,0.8988095238095238,31,0.8214285714285714,SPY,yfinance,2y,2026-07-28,scan_20260728_215640,False,False
True,0,-10.936663309733072,-10.039995829264322,True,False,賣出 (動能轉弱),250.8800048828125,2026-07-28 00:00:00,257.9599998474121,0.1154998779297216,False,False,0.9739135999375641,False,0.33863349329598585,152.82212931651034,0.3381124689710339,0.30678566489479725,0.016223466604881054,-0.5458379857791407,9.618101297645754,0.016223466604881054,True,True,True,False,False,False,0.8357429350147573,False,-0.09589529816584386,中性,DDOG,Datadog,0,v1,phase6a,2026-07-12,1,1,1,1,0,1,v1,118,0.30357142857142855,118,0.30357142857142855,126,0.25595238095238093,SPY,yfinance,2y,2026-07-28,scan_20260728_215640,False,False
True,0,0.9052073160807304,0.714197794596354,True,False,買入 (動能增強),392.1000061035156,2026-07-28 00:00:00,419.81627960205077,-1.0912994384765966,False,False,1.345828648111096,False,0.5292498094865404,261.17011357746406,0.5577087302569258,0.49159080736249716,-0.5342700784637278,1.947012806525028,5.267657793871727,-0.5342700784637278,False,True,True,False,False,False,0.7349316992909377,False,-0.15712091039078713,中性,DELL,Dell Technologies,2,v1,phase6a,2026-07-12,0,2,2,2,2,2,v1,44,0.7440476190476191,44,0.7440476190476191,84,0.5059523809523809,SPY,yfinance,2y,2026-07-28,scan_20260728_215640,False,False
True,0,-1.275000254313151,-1.7033322652180989,True,False,觀察 (跌勢收斂),98.88999938964844,2026-07-28 00:00:00,96.64400062561035,0.05050010681151207,False,True,0.8859063104612565,False,0.13348001153378783,78.89029636149121,0.13036826103793753,0.134779247809586,0.25188472742061485,-0.35916404423490533,-3.786611901830683,0.25188472742061485,True,False,False,False,False,True,0.3507607936663869,False,-0.08294003183674414,中性,DIS,Disney,1,v1,phase6a,2026-07-12,0,1,3,1,1,1,v1,76,0.5535714285714286,76,0.5535714285714286,118,0.30357142857142855,SPY,yfinance,2y,2026-07-28,scan_20260728_215640,False,False
True,0,0.1149991353352865,0.6783320109049481,True,False,觀望 (動能減弱),126.76000213623047,2026-07-28 00:00:00,123.83649978637695,0.2069999694824105,False,True,0.6714892954332895,False,0.1710984594154841,87.7695080193293,0.1646870597713987,0.1575945708036748,0.41148419048742113,0.4734273529730215,7.715125556335378,0.41148419048742113,True,True,True,False,False,True,0.9999266450057873,False,-0.013156830300997902,偏強 (RS上升),DLTR,Dollar Tree,0,v1,phase6a,2026-07-12,2,2,2,2,0,2,v1,119,0.2976190476190476,119,0.2976190476190476,103,0.39285714285714285,SPY,yfinance,2y,2026-07-28,scan_20260728_215640,False,False
True,0,-3.721036275227864,-5.094327290852863,True,False,觀察 (跌勢收斂),206.97999572753906,2026-07-28 00:00:00,199.387158203125,0.146516418457054,False,True,1.164410792877502,False,0.279378019895784,107.77786282594798,0.2687686047358207,0.2724788623379664,0.4172512354521096,0.24806239444303824,-3.546512712040284,0.4172512354521096,True,True,False,False,False,True,0.6880986865814802,False,-0.023703859699832686,偏強 (RS上升),DRI,Darden Restaurants,1,v1,phase6a,2026-07-12,1,2,3,2,1,2,v1,77,0.5476190476190477,77,0.5476190476190477,91,0.4642857142857143,SPY,yfinance,2y,2026-07-28,scan_20260728_215640,False,False
True,0,1.731665293375651,1.1183319091796875,True,False,買入 (動能增強),129.24000549316406,2026-07-28 00:00:00,126.99600105285644,0.045500183105460223,False,True,0.9849770435313352,False,0.17444592507157128,91.73944713360248,0.1709432634742712,0.1716491072171767,0.21615252350493108,1.3462542195961769,0.7904920187045805,0.21615252350493108,True,True,False,False,False,True,0.8450505036779381,False,-0.009806916467952842,偏強 (RS上升),DUK,Duke Energy,4,v1,phase6a,2026-07-12,1,5,6,5,4,5,v1,3,0.9880952380952381,3,0.9880952380952381,17,0.9047619047619048,SPY,yfinance,2y,2026-07-28,scan_20260728_215640,False,True
True,0,2.8183339436848955,2.720001220703125,True,False,買入 (動能增強),239.4600067138672,2026-07-28 00:00:00,233.39800109863282,0.9880004882812443,False,True,0.776892487375583,False,0.323218977200173,123.60220536595563,0.31012002132172867,0.2842229456059741,0.44659978420966695,1.7723968317252092,11.170140211377078,0.44659978420966695,True,True,True,True,True,True,1.0,False,0.0,強勢 (RS強勁),DVA,DaVita,2,v1,phase6a,2026-07-12,3,5,4,5,2,5,v1,45,0.7380952380952381,45,0.7380952380952381,25,0.8571428571428571,SPY,yfinance,2y,2026-07-28,scan_20260728_215640,False,False
True,0,-0.46666844685872394,-0.39666875203450525,True,False,賣出 (動能轉弱),84.75,2026-07-28 00:00:00,82.30449981689453,0.21049995422363565,False,True,0.9389926505657084,False,0.11439408481453257,62.68365438492075,0.11111321225020412,0.1135805195783738,0.31178269162726036,0.1646786498299635,-2.458811033489239,0.31178269162726036,True,True,False,False,False,True,0.606622638939817,False,-0.0671305448463535,偏強 (RS上升),EL,Estée Lauder Companies (The),0,v1,phase6a,2026-07-12,1,1,2,1,0,1,v1,120,0.2916666666666667,120,0.2916666666666667,127,0.25,SPY,yfinance,2y,2026-07-28,scan_20260728_215640,False,False
True,0,21.703348795572918,25.043345133463543,True,False,觀望 (動能減弱),1034.8599853515625,2026-07-28 00:00:00,1028.5015014648438,-2.5155029296875,False,True,1.0669301341660113,False,1.3968361172327148,99.92163662057965,1.398072151165449,1.416690678247563,-0.009305437328110955,0.6669234172266947,-4.585893995230894,-0.009305437328110955,False,False,False,False,False,True,0.35117788483578183,False,-0.07265620043361354,中性,EQIX,Equinix,0,v1,phase6a,2026-07-12,1,1,1,1,0,1,v1,121,0.2857142857142857,121,0.2857142857142857,128,0.24404761904761904,SPY,yfinance,2y,2026-07-28,scan_20260728_215640,False,False
True,0,-1.1583340962727864,-1.029998779296875,True,False,賣出 (動能轉弱),68.08999633789062,2026-07-28 00:00:00,68.70550003051758,-0.012499999999988631,True,False,0.9677612348874736,False,0.09190669989496014,74.48112346776499,0.09154487388692334,0.09036308042390812,0.041621992737983504,0.11570211105276229,2.6488412750615753,0.041621992737983504,True,True,True,False,False,True,0.7844586717455936,False,-0.029365718363218107,偏強 (RS上升),EQR,Equity Residential,0,v1,phase6a,2026-07-12,2,2,0,2,0,2,v1,122,0.27976190476190477,122,0.27976190476190477,104,0.3869047619047619,SPY,yfinance,2y,2026-07-28,scan_20260728_215640,False,False
True,0,0.3583335876464844,0.571667989095052,True,False,觀望 (動能減弱),75.38999938964844,2026-07-28 00:00:00,74.17800102233886,0.08100013732909872,False,True,0.9949542590890201,False,0.10176011780940415,91.438365642946,0.09930930297339001,0.09762166870929756,0.26045135252688034,1.1602597207080567,4.130958855756273,0.26045135252688034,True,True,True,True,False,True,1.0,False,0.0,強勢 (RS強勁),ES,Eversource Energy,0,v1,phase6a,2026-07-12,3,3,2,3,0,3,v1,123,0.27380952380952384,123,0.27380952380952384,78,0.5416666666666666,SPY,yfinance,2y,2026-07-28,scan_20260728_215640,False,False
True,0,-1.054987589518229,0.6316782633463542,True,False,賣出 (動能轉弱),386.260009765625,2026-07-28 00:00:00,405.0789993286133,-1.099999999999966,False,False,1.4050373491672858,False,0.5213670833934051,95.89355652499981,0.5424667068172696,0.5458134899223793,-0.4077589619173927,-0.12373040991360273,-1.5645202965543503,-0.4077589619173927,False,False,False,False,False,False,0.1607926293877737,False,-0.11363529568219477,中性,ETN,Eaton Corporation,0,v1,phase6a,2026-07-12,0,0,0,0,0,0,v1,124,0.26785714285714285,124,0.26785714285714285,144,0.1488095238095238,SPY,yfinance,2y,2026-07-28,scan_20260728_215640,False,False
True,0,-0.3549995422363282,-0.5699996948242188,True,False,觀察 (跌勢收斂),47.310001373291016,2026-07-28 00:00:00,46.80399990081787,-0.004500007629395952,False,True,0.9710664483361826,False,0.06385822194303133,99.1762578588787,0.06268518736546316,0.06306641566645052,0.19736884409427002,0.5628642497627956,0.6355096269475391,0.19736884409427002,True,True,False,False,False,True,0.8271807225730874,False,-0.011904755265425448,偏強 (RS上升),EXC,Exelon,1,v1,phase6a,2026-07-12,1,2,2,2,1,2,v1,81,0.5238095238095238,81,0.5238095238095238,92,0.4583333333333333,SPY,yfinance,2y,2026-07-28,scan_20260728_215640,False,False
True,0,1.4233334859212239,0.775000254313151,True,False,買入 (動能增強),88.5199966430664,2026-07-28 00:00:00,89.30399932861329,0.048999786376953125,False,False,1.1937160255792267,False,0.11948276110641978,87.86828018126901,0.12032778526781589,0.12539949053548197,-0.0738683967749898,1.2945854845695548,-0.8809237258896818,-0.0738683967749898,False,False,False,False,False,True,0.16105286790921924,False,-0.12260880980688382,中性,EXE,Expand Energy,2,v1,phase6a,2026-07-12,1,3,3,3,2,3,v1,46,0.7321428571428571,46,0.7321428571428571,60,0.6488095238095238,SPY,yfinance,2y,2026-07-28,scan_20260728_215640,False,False
False,0,2.2483317057291665,-1.8216756184895835,False,True,強烈買入 (爆發),295.7900085449219,2026-07-28 00:00:00,267.310498046875,1.5255004882812386,False,True,1.0039207501688536,False,0.3992522398204024,167.68182798210248,0.3569391042599977,0.34287913970611844,1.2636035951581803,2.0161975411267186,8.931941202983772,1.2636035951581803,True,True,True,True,True,True,1.0,False,0.0,強勢 (RS強勁),EXPE,Expedia Group,3,v1,phase6a,2026-07-12,3,6,5,6,3,6,v1,19,0.8928571428571429,19,0.8928571428571429,10,0.9464285714285714,SPY,yfinance,2y,2026-07-28,scan_20260728_215640,False,False
True,0,1.7316691080729165,0.35500335693359386,True,False,買入 (動能增強),152.2100067138672,2026-07-28 00:00:00,146.59450073242186,0.19750061035153976,False,True,1.802719447993301,True,0.20545043560645068,72.74032056751756,0.1975075315234793,0.19674913376131425,0.42512282521367517,0.8058604213344367,0.06258792226785381,0.42512282521367517,True,True,True,True,False,True,1.0,False,0.0,強勢 (RS強勁),EXR,Extra Space Storage,2,v1,phase6a,2026-07-12,3,5,4,5,2,5,v1,47,0.7261904761904762,47,0.7261904761904762,26,0.8511904761904762,SPY,yfinance,2y,2026-07-28,scan_20260728_215640,False,False
True,0,3.007288614908854,2.696889241536458,True,False,買入 (動能增強),61.63999938964844,2026-07-28 00:00:00,60.972111511230466,0.008460044860839844,False,True,0.7466551720801677,False,0.08320060552386052,102.32433844181062,0.08322137357665746,0.08496049149225413,-0.002626793216897738,1.3916774599014747,-5.329745074427173,-0.002626793216897738,False,False,False,False,False,True,0.35735536168411,False,-0.13846049179107678,中性,FCX,Freeport-McMoRan,3,v1,phase6a,2026-07-12,1,4,5,4,3,4,v1,20,0.8869047619047619,20,0.8869047619047619,32,0.8154761904761905,SPY,yfinance,2y,2026-07-28,scan_20260728_215640,True,False
False,0,1.2150014241536458,1.0433343251546223,False,True,強烈買入 (爆發),49.650001525878906,2026-07-28 00:00:00,48.480500030517575,0.05900001525878906,False,True,1.180606925883328,False,0.06701671369431343,93.16483637954397,0.06519696879929417,0.06507676073009498,0.2946709734691577,1.2095777376201156,2.583592429965531,0.2946709734691577,True,True,True,False,False,True,0.9965091495052361,False,0.0,偏強 (RS上升),FE,FirstEnergy,3,v1,phase6a,2026-07-12,2,5,5,5,3,5,v1,21,0.8809523809523809,21,0.8809523809523809,21,0.8809523809523809,SPY,yfinance,2y,2026-07-28,scan_20260728_215640,False,False
True,0,-20.511683146158852,-18.066675821940102,True,False,賣出 (動能轉弱),403.4599914550781,2026-07-28 00:00:00,413.1720001220703,-0.3550003051757926,False,False,2.4956935761629784,True,0.544583321318971,163.18853272341082,0.5457157868520142,0.5235718271592655,-0.02183936529903674,-0.8281940717707825,3.410559074822417,-0.02183936529903674,False,True,True,False,False,False,0.7658353789520734,False,-0.06446231433713323,中性,FFIV,"F5, Inc.",0,v1,phase6a,2026-07-12,0,0,0,0,0,0,v1,126,0.25595238095238093,126,0.25595238095238093,146,0.13690476190476192,SPY,yfinance,2y,2026-07-28,scan_20260728_215640,False,False
True,0,-24.140034993489582,-28.830037434895832,True,False,觀察 (跌勢收斂),1336.219970703125,2026-07-28 00:00:00,1251.0654907226562,7.93499755859375,False,True,1.5326852893562728,True,1.8036066154511565,60.41409363578217,1.6691585694303146,1.647635151983602,0.8551282998089604,1.4015700729502756,6.192600060549713,0.8551282998089604,True,True,True,True,False,True,1.0,False,0.0,強勢 (RS強勁),FICO,Fair Isaac,1,v1,phase6a,2026-07-12,3,4,3,4,1,4,v1,82,0.5178571428571429,82,0.5178571428571429,47,0.7261904761904762,SPY,yfinance,2y,2026-07-28,scan_20260728_215640,False,False
True,0,-0.1966660817464192,-0.6649990081787109,True,False,觀察 (跌勢收斂),54.209999084472656,2026-07-28 00:00:00,51.13750038146973,0.2689998626709027,False,True,0.8802939215300304,False,0.0731717195641876,23.931658548947354,0.06890832470362779,0.07254858977967996,0.6555380960693302,0.9239931400426338,0.09633921602074658,0.6555380960693302,True,True,False,False,False,True,0.40254761189751415,False,-0.13692090591921846,偏強 (RS上升),FISV,Fiserv,1,v1,phase6a,2026-07-12,1,2,3,2,1,2,v1,83,0.5119047619047619,83,0.5119047619047619,93,0.4523809523809524,SPY,yfinance,2y,2026-07-28,scan_20260728_215640,False,False
True,0,0.3200003306070963,0.3833338419596354,True,False,觀望 (動能減弱),57.79999923706055,2026-07-28 00:00:00,57.34049949645996,0.09433441162109801,False,True,0.7406247223837434,False,0.07801743970506457,105.96541026571644,0.07632258069554311,0.07323135036403397,0.23430053938799933,0.9198517695397701,6.798322746306584,0.23430053938799933,True,True,True,False,False,True,0.9325947384080744,False,-0.026444327489806407,偏強 (RS上升),FITB,Fifth Third Bancorp,0,v1,phase6a,2026-07-12,2,2,2,2,0,2,v1,127,0.25,127,0.25,105,0.38095238095238093,SPY,yfinance,2y,2026-07-28,scan_20260728_215640,False,False
True,0,7.6400146484375,3.7733561197916643,True,False,買入 (動能增強),1626.3199462890625,2026-07-28 00:00:00,1754.2025024414063,-16.118499755859375,False,False,1.3009221927595456,False,2.1951785471546557,374.34447604129093,2.3680821696128174,2.4041969492959354,-0.7627085612446183,-0.7430051809169447,-8.471650526112107,-0.7627085612446183,False,False,False,False,False,False,0.0,False,-0.2130113386319803,中性,FIX,Comfort Systems USA,3,v1,phase6a,2026-07-12,0,3,3,3,3,3,v1,22,0.875,22,0.875,55,0.6785714285714286,SPY,yfinance,2y,2026-07-28,scan_20260728_215640,True,False
True,0,-5.966667175292969,-4.481666564941406,True,False,賣出 (動能轉弱),149.97999572753906,2026-07-28 00:00:00,158.09749908447264,-0.27200012207032387,False,False,1.2583641397989898,False,0.20244040533025764,187.71750688459892,0.2081629360052793,0.18947126769774844,-0.28854011079125774,-0.8777186229297129,7.046464231053551,-0.28854011079125774,False,True,True,False,False,False,0.8089545879623291,False,-0.1010010544780745,中性,FTNT,Fortinet,1,v1,phase6a,2026-07-12,0,1,1,1,1,1,v1,84,0.5059523809523809,84,0.5059523809523809,119,0.2976190476190476,SPY,yfinance,2y,2026-07-28,scan_20260728_215640,True,False
True,0,-0.4266681671142579,-0.8766670227050781,True,False,觀察 (跌勢收斂),64.08999633789062,2026-07-28 00:00:00,61.79499988555908,0.1709999084472642,False,True,1.3638067348246914,False,0.08650756904825654,86.42401898683967,0.08293248354046924,0.08257817107141699,0.4558409644908501,0.8689912757233076,0.9747537093176994,0.4558409644908501,True,True,True,True,False,True,1.0,False,0.0,強勢 (RS強勁),FTV,Fortive,1,v1,phase6a,2026-07-12,3,4,3,4,1,4,v1,85,0.5,85,0.5,48,0.7202380952380952,SPY,yfinance,2y,2026-07-28,scan_20260728_215640,False,False
True,0,-0.14000002543131507,-0.32333342234293616,True,False,觀察 (跌勢收斂),27.579999923706055,2026-07-28 00:00:00,26.264500045776366,0.12699995040893342,False,True,0.7758624371954423,False,0.03722700708504109,78.91316419403692,0.03501020437324425,0.033632519067131175,0.6709854652947156,0.8775749750874251,6.7398021903476435,0.6709854652947156,True,True,True,True,True,True,1.0,True,-0.0064841607958096015,強勢 (RS強勁),GEN,Gen Digital,1,v1,phase6a,2026-07-12,3,4,3,4,1,4,v1,86,0.49404761904761907,86,0.49404761904761907,49,0.7142857142857143,SPY,yfinance,2y,2026-07-28,scan_20260728_215640,False,False
False,0,-88.3866475423177,-72.88331095377605,False,True,強烈賣出 (跌破),943.3800048828125,2026-07-28 00:00:00,1063.8059967041015,-7.9565002441406705,False,False,1.3136731362686298,False,1.273358021131547,395.52236170996514,1.39306725981657,1.388440583909084,-0.8964400136193484,-2.46194577573452,0.06969736099542434,-0.8964400136193484,False,False,True,False,False,False,0.2013613597730045,False,-0.1970277167959571,中性,GEV,GE Vernova,0,v1,phase6a,2026-07-12,0,0,0,0,0,0,v1,128,0.24404761904761904,128,0.24404761904761904,147,0.13095238095238096,SPY,yfinance,2y,2026-07-28,scan_20260728_215640,False,False
True,0,-2.0166676839192705,-1.5583343505859375,True,False,賣出 (動能轉弱),134.32000732421875,2026-07-28 00:00:00,131.63000030517577,0.3995002746581804,False,True,1.0447451656324824,False,0.1813028237184108,131.4661019811248,0.17615655558622523,0.17827328982552842,0.3084662009465555,0.37923272015825127,2.849435363031416,0.3084662009465555,True,True,False,False,False,True,0.8142192458556671,False,-0.014960349640669834,偏強 (RS上升),GILD,Gilead Sciences,0,v1,phase6a,2026-07-12,1,1,2,1,0,1,v1,129,0.23809523809523808,129,0.23809523809523808,129,0.23809523809523808,SPY,yfinance,2y,2026-07-28,scan_20260728_215640,False,False
True,0,0.637216567993164,0.4743283589680989,True,False,買入 (動能增強),37.650001525878906,2026-07-28 00:00:00,36.59209518432617,0.0944509506225586,False,True,0.6879880434791061,False,0.050819321154202624,44.66667887812242,0.048880612482699135,0.04853001890380193,0.41924632659695593,0.7229817507850678,6.763044759729997,0.41924632659695593,True,True,True,False,False,True,0.9241124431075981,False,-0.027131762696657735,偏強 (RS上升),GIS,General Mills,2,v1,phase6a,2026-07-12,2,4,4,4,2,4,v1,49,0.7142857142857143,49,0.7142857142857143,40,0.7678571428571429,SPY,yfinance,2y,2026-07-28,scan_20260728_215640,False,False
True,0,-1.4433339436848958,-2.0083338419596353,True,False,觀察 (跌勢收斂),253.64999389648438,2026-07-28 00:00:00,243.4379981994629,0.9944999694824332,False,True,1.2321930670347494,False,0.3423723765781723,106.54028523105845,0.32650309919736253,0.3271161827810074,0.5142494930937103,0.7348338698863977,2.27817977199114,0.5142494930937103,True,True,False,False,False,True,1.0,False,0.0,偏強 (RS上升),GRMN,Garmin,1,v1,phase6a,2026-07-12,1,2,3,2,1,2,v1,87,0.4880952380952381,87,0.4880952380952381,94,0.44642857142857145,SPY,yfinance,2y,2026-07-28,scan_20260728_215640,False,False
True,0,17.266642252604168,18.906636555989582,True,False,觀望 (動能減弱),1398.9000244140625,2026-07-28 00:00:00,1371.2274963378907,2.2804992675780795,False,True,0.8993522563091523,False,1.8882110683170967,105.67724984076865,1.8400617524394167,1.7766497981256413,0.27620530026788437,0.9600103087541001,3.120462827785797,0.27620530026788437,True,True,True,False,False,True,0.9858378076903777,False,-0.0022324806298066324,偏強 (RS上升),GWW,W. W. Grainger,0,v1,phase6a,2026-07-12,2,2,2,2,0,2,v1,130,0.23214285714285715,130,0.23214285714285715,106,0.375,SPY,yfinance,2y,2026-07-28,scan_20260728_215640,False,False
True,0,-0.0633341471354166,-0.001667022705078125,True,False,賣出 (動能轉弱),85.70999908447266,2026-07-28 00:00:00,85.62700004577637,0.07099990844726278,False,True,0.9482230638670879,False,0.11568987498197845,86.14208152896576,0.11411751752139834,0.11075972973174342,0.14524650960101582,0.41837954839609726,5.109487075000185,0.14524650960101582,True,True,True,False,False,True,0.8999464923513877,False,-0.02889194414273688,偏強 (RS上升),HSIC,Henry Schein,0,v1,phase6a,2026-07-12,2,2,2,2,0,2,v1,131,0.2261904761904762,131,0.2261904761904762,107,0.36904761904761907,SPY,yfinance,2y,2026-07-28,scan_20260728_215640,False,False
True,0,-0.9300079345703129,-0.573338826497396,True,False,賣出 (動能轉弱),483.6600036621094,2026-07-28 00:00:00,487.05750427246096,-1.5525009155273324,False,False,2.847221700488422,True,0.652835911272218,97.07723554902643,0.6564906370219188,0.6701856503745042,-0.05856635914007757,0.10639215824077564,-3.7628638227200195,-0.05856635914007757,False,False,False,False,False,True,0.3468209809838371,False,-0.10332043507081179,中性,HUBB,Hubbell Incorporated,1,v1,phase6a,2026-07-12,1,2,1,2,1,2,v1,88,0.48214285714285715,88,0.48214285714285715,95,0.44047619047619047,SPY,yfinance,2y,2026-07-28,scan_20260728_215640,True,False
True,0,-1.676666259765625,-1.4083340962727862,True,False,賣出 (動能轉弱),90.91000366210938,2026-07-28 00:00:00,93.02749977111816,0.13550033569335085,False,False,1.1146168649705062,False,0.12270875126150804,220.67600294339024,0.12419767321704518,0.12019984266496297,-0.1260338392325977,-0.03268734820145447,1.7966944543674535,-0.1260338392325977,False,True,True,False,False,False,0.6660337319151892,False,-0.06672825947678696,中性,IBKR,Interactive Brokers,0,v1,phase6a,2026-07-12,0,0,1,0,0,0,v1,132,0.22023809523809523,132,0.22023809523809523,148,0.125,SPY,yfinance,2y,2026-07-28,scan_20260728_215640,False,False
True,0,-10.663319905598957,-7.286651611328125,True,False,賣出 (動能轉弱),569.5399780273438,2026-07-28 00:00:00,555.5505004882813,1.6804992675781705,False,True,0.7090473142382527,False,0.7687552159495809,86.55867217971368,0.7468640475034195,0.764908852771275,0.3094894173527596,-0.10881013979697762,-0.44074290345630374,0.3094894173527596,True,True,False,False,False,True,0.7384000684090224,False,-0.016729110660957947,偏強 (RS上升),IDXX,Idexx Laboratories,0,v1,phase6a,2026-07-12,0,0,2,0,0,0,v1,133,0.21428571428571427,133,0.21428571428571427,149,0.11904761904761904,SPY,yfinance,2y,2026-07-28,scan_20260728_215640,False,False
False,0,2.2199986775716143,0.323333740234375,False,True,強烈買入 (爆發),129.92999267578125,2026-07-28 00:00:00,117.01399993896484,0.7634994506835966,False,True,3.170667378681488,True,0.1753772578419459,136.06809205423613,0.15629824067544487,0.14775711675568085,1.301651823007166,2.6820337690251828,10.515358173045763,1.301651823007166,True,True,True,True,True,True,1.0,False,0.0,強勢 (RS強勁),INCY,Incyte,3,v1,phase6a,2026-07-12,3,6,5,6,3,6,v1,23,0.8690476190476191,23,0.8690476190476191,11,0.9404761904761905,SPY,yfinance,2y,2026-07-28,scan_20260728_215640,False,False
True,0,-0.18333371480305988,-0.3033336003621419,True,False,觀察 (跌勢收斂),30.049999237060547,2026-07-28 00:00:00,29.947000122070314,-0.027000045776365056,True,True,0.6798303942545404,False,0.040560969456058325,68.03750028413546,0.04002712677514997,0.03947859202372858,0.14058707781552382,0.13126793482693966,1.3380395783592514,0.14058707781552382,True,True,True,False,False,True,0.7145699136670515,False,-0.017652857562397206,偏強 (RS上升),INVH,Invitation Homes,1,v1,phase6a,2026-07-12,2,3,2,3,1,3,v1,90,0.47023809523809523,90,0.47023809523809523,71,0.5833333333333334,SPY,yfinance,2y,2026-07-28,scan_20260728_215640,False,False
False,0,4.1000010172526045,2.003336588541667,False,True,強烈買入 (爆發),155.83999633789062,2026-07-28 00:00:00,136.90449981689454,1.0439994812011832,False,True,1.0344735258381632,False,0.21035013284452042,23.77460129900681,0.18684820909990454,0.19850966610258414,1.3417739942807039,0.8289862941701642,-2.999526799255059,1.3417739942807039,True,True,False,False,False,True,0.6053799519798145,False,-0.13224567339104698,偏強 (RS上升),IT,Gartner,3,v1,phase6a,2026-07-12,1,4,5,4,3,4,v1,24,0.8630952380952381,24,0.8630952380952381,33,0.8095238095238095,SPY,yfinance,2y,2026-07-28,scan_20260728_215640,False,False
True,0,7.283330281575521,8.444997151692709,True,False,觀望 (動能減弱),277.6199951171875,2026-07-28 00:00:00,285.31749725341797,-0.13399963378907387,False,False,1.0903831984988213,False,0.37472666982472763,119.3380353202686,0.38220624207984694,0.3684064125469526,-0.20557091978791187,0.8604082951174874,2.9096881776326855,-0.20557091978791187,False,True,True,False,False,False,0.7016349141883896,False,-0.06966927478899965,中性,JBHT,J.B. Hunt,0,v1,phase6a,2026-07-12,0,0,0,0,0,0,v1,134,0.20833333333333334,134,0.20833333333333334,150,0.1130952380952381,SPY,yfinance,2y,2026-07-28,scan_20260728_215640,False,False
False,0,-0.38166681925455725,-0.25833352406819665,False,True,強烈賣出 (跌破),22.6299991607666,2026-07-28 00:00:00,23.13199987411499,-0.026000022888183594,True,False,0.7152312894176676,False,0.0305455816324429,109.69078267261892,0.030852690762561825,0.03043003976922221,-0.10466976840799447,-0.4255920234332078,1.3287972688362792,-0.10466976840799447,False,True,True,False,False,False,0.6935912265341116,False,-0.056690313602623776,中性,KEY,KeyCorp,0,v1,phase6a,2026-07-12,0,0,0,0,0,0,v1,135,0.20238095238095238,135,0.20238095238095238,151,0.10714285714285714,SPY,yfinance,2y,2026-07-28,scan_20260728_215640,False,False
True,0,2.3533376057942705,1.5883331298828125,True,False,買入 (動能增強),305.1700134277344,2026-07-28 00:00:00,321.00950012207034,-1.7479995727538835,False,False,0.9498198755917271,False,0.4119132082466583,159.6420728671734,0.4338827148143911,0.44459786703864124,-0.5301706983355192,-0.8940027900408265,-7.663896767972222,-0.5301706983355192,False,False,False,False,False,False,0.0,False,-0.18259490967707392,中性,KEYS,Keysight Technologies,2,v1,phase6a,2026-07-12,0,2,2,2,2,2,v1,51,0.7023809523809523,51,0.7023809523809523,85,0.5,SPY,yfinance,2y,2026-07-28,scan_20260728_215640,False,False
False,0,-0.12333424886067712,-0.7816670735677084,False,True,強烈賣出 (跌破),88.2699966430664,2026-07-28 00:00:00,83.07699928283691,0.2809997558593693,False,True,1.847068817470774,True,0.11914531542850082,100.41456911234035,0.1114896495431554,0.1101418324709904,0.7280737017147487,1.0545799736886297,2.2800568234602414,0.7280737017147487,True,True,True,True,False,True,1.0,False,0.0,強勢 (RS強勁),KO,Coca-Cola,0,v1,phase6a,2026-07-12,3,3,2,3,0,3,v1,136,0.19642857142857142,136,0.19642857142857142,79,0.5357142857142857,SPY,yfinance,2y,2026-07-28,scan_20260728_215640,False,False
False,0,-0.2616669336954752,-0.3583335876464843,False,True,強烈賣出 (跌破),19.75,2026-07-28 00:00:00,19.24100008010864,0.03400001525878693,False,True,0.770297170725071,False,0.026658208555599035,81.93890247638545,0.025661976073051308,0.02511425999365507,0.4103225254285414,1.1695518160372398,4.005008529608278,0.4103225254285414,True,True,True,True,False,True,1.0,True,-0.00403428764568059,強勢 (RS強勁),KVUE,Kenvue,0,v1,phase6a,2026-07-12,3,3,2,3,0,3,v1,137,0.19047619047619047,137,0.19047619047619047,80,0.5297619047619048,SPY,yfinance,2y,2026-07-28,scan_20260728_215640,False,False
False,0,0.9416669209798177,0.28499857584635413,False,True,強烈買入 (爆發),119.4000015258789,2026-07-28 00:00:00,115.48099899291992,0.2854999542236385,False,True,1.1224946438478718,False,0.1611640578337075,109.34210927365446,0.1546581957142628,0.15209227212134643,0.44477015724859736,1.6903593384763882,4.606989263312444,0.44477015724859736,True,True,True,True,False,True,1.0,False,0.0,強勢 (RS強勁),L,Loews Corporation,3,v1,phase6a,2026-07-12,3,6,5,6,3,6,v1,25,0.8571428571428571,25,0.8571428571428571,12,0.9345238095238095,SPY,yfinance,2y,2026-07-28,scan_20260728_215640,False,False
True,0,-22.063313802083332,-34.883321126302086,True,False,觀察 (跌勢收斂),1220.6600341796875,2026-07-28 00:00:00,1189.3395141601563,-0.4635009765625,True,True,0.9750105835846918,False,1.6476258109694562,110.05949753905881,1.5842889202159505,1.522328615484962,0.42260070174855446,1.2193465313095952,4.096592320447745,0.42260070174855446,True,True,True,False,False,True,0.9672868483505859,False,-0.012059328326800234,偏強 (RS上升),LLY,Lilly (Eli),1,v1,phase6a,2026-07-12,2,3,2,3,1,3,v1,91,0.4642857142857143,91,0.4642857142857143,72,0.5773809523809523,SPY,yfinance,2y,2026-07-28,scan_20260728_215640,False,False
True,0,-0.9116681416829424,-1.0433349609374998,True,False,觀察 (跌勢收斂),120.31999969482422,2026-07-28 00:00:00,116.45000038146972,0.30149993896483807,False,True,0.9771395930947768,False,0.16240585545692338,33.36532960842336,0.1566301371602628,0.16986077223213605,0.3896692113913858,-0.16352721251821078,-1.2867111701659883,0.3896692113913858,True,False,False,False,False,True,0.4699243338285026,False,-0.09933376006315964,中性,LULU,Lululemon Athletica,1,v1,phase6a,2026-07-12,0,1,3,1,1,1,v1,92,0.4583333333333333,92,0.4583333333333333,120,0.2916666666666667,SPY,yfinance,2y,2026-07-28,scan_20260728_215640,False,False
True,0,-0.020000457763671875,-0.35333379109700525,True,False,觀察 (跌勢收斂),48.25,2026-07-28 00:00:00,46.1290002822876,0.09400005340576456,False,True,0.9512073248458256,False,0.0651270158383622,91.33744379121862,0.06265388576041522,0.06651790413268127,0.4172377684757089,0.599363974671463,-5.3090010860243675,0.4172377684757089,True,False,False,False,False,True,0.3842781573804206,False,-0.10282630912639035,偏強 (RS上升),LVS,Las Vegas Sands,1,v1,phase6a,2026-07-12,1,2,3,2,1,2,v1,93,0.4523809523809524,93,0.4523809523809524,97,0.42857142857142855,SPY,yfinance,2y,2026-07-28,scan_20260728_215640,False,False
True,0,-4.8316650390625,-5.531664530436198,True,False,觀察 (跌勢收斂),180.8699951171875,2026-07-28 00:00:00,180.94499893188475,-0.08450012207032387,False,False,0.6440455556042932,False,0.24413519247008425,136.08406057806684,0.2402191726189124,0.23480991750035096,0.17189351631314853,0.20780640114481663,3.5195713683970453,0.17189351631314853,True,True,True,False,False,True,0.8286075418911967,False,-0.03065545491701993,偏強 (RS上升),LYV,Live Nation Entertainment,1,v1,phase6a,2026-07-12,2,3,1,3,1,3,v1,94,0.44642857142857145,94,0.44642857142857145,73,0.5714285714285714,SPY,yfinance,2y,2026-07-28,scan_20260728_215640,False,False
False,0,-1.683339436848958,-3.1500091552734375,False,True,強烈賣出 (跌破),383.5199890136719,2026-07-28 00:00:00,371.7304977416992,0.43199920654296875,False,True,1.198608180474973,False,0.5176686507527856,117.71298955051434,0.5026752146426097,0.5038124498803188,0.3149602899782167,0.6453091324634563,-3.1891311350144558,0.3149602899782167,True,True,False,False,False,True,0.6333082650605505,False,-0.04725001025364528,偏強 (RS上升),MAR,Marriott International,0,v1,phase6a,2026-07-12,1,1,2,1,0,1,v1,138,0.18452380952380953,138,0.18452380952380953,130,0.23214285714285715,SPY,yfinance,2y,2026-07-28,scan_20260728_215640,False,False
True,0,1.254999796549479,0.800000508626302,True,False,買入 (動能增強),62.47999954223633,2026-07-28 00:00:00,59.93049983978271,0.14149990081786967,False,True,1.2318863192868,False,0.08433442320762878,71.18742727488407,0.08116317496070788,0.08167676697582653,0.4129880622581128,0.9628202807876463,-1.2871648253923285,0.4129880622581128,True,True,False,False,False,True,0.6547767502666689,False,-0.018327855310922736,偏強 (RS上升),MDLZ,Mondelez International,4,v1,phase6a,2026-07-12,1,5,6,5,4,5,v1,5,0.9761904761904762,5,0.9761904761904762,18,0.8988095238095238,SPY,yfinance,2y,2026-07-28,scan_20260728_215640,False,True
True,0,-1.0583324432373047,-1.141665776570638,True,False,觀察 (跌勢收斂),46.20000076293945,2026-07-28 00:00:00,46.50900020599365,-0.17449989318847514,False,False,0.8681845022758584,False,0.06235996230922909,77.57269427654751,0.06220195831254825,0.06047695273787619,0.02674585892969983,-0.4365493036114221,-1.5169842124226118,0.02674585892969983,True,True,True,False,False,True,0.7197542396852813,False,-0.08857758898031842,偏強 (RS上升),MGM,MGM Resorts,1,v1,phase6a,2026-07-12,1,2,1,2,1,2,v1,95,0.44047619047619047,95,0.44047619047619047,98,0.4226190476190476,SPY,yfinance,2y,2026-07-28,scan_20260728_215640,False,False
True,0,-0.9783344268798828,-0.8574752807617188,True,False,賣出 (動能轉弱),51.529998779296875,2026-07-28 00:00:00,51.797602844238284,-0.003124237060546875,False,False,1.223851261314612,False,0.06955430148497518,51.36420108040352,0.06863891610312994,0.06903686591574901,0.14057887003222636,0.020978472092525458,5.935925361313199,0.14057887003222636,True,True,False,False,False,False,0.8073768209528822,False,-0.04130234829215118,偏強 (RS上升),MKC,McCormick & Company,0,v1,phase6a,2026-07-12,0,0,0,0,0,0,v1,139,0.17857142857142858,139,0.17857142857142858,152,0.10119047619047619,SPY,yfinance,2y,2026-07-28,scan_20260728_215640,False,False
True,0,0.7000007629394531,0.715001424153646,True,False,觀望 (動能減弱),74.81999969482422,2026-07-28 00:00:00,72.48099937438965,0.03849983215332031,False,True,1.127675609319442,False,0.10099074207566988,122.26782828929419,0.0975425371618455,0.09629390460583258,0.37350334533523544,0.7877867838231634,1.2208770785422374,0.37350334533523544,True,True,True,False,False,True,0.9064828514302649,False,0.0,偏強 (RS上升),MO,Altria,0,v1,phase6a,2026-07-12,2,2,2,2,0,2,v1,140,0.17261904761904762,140,0.17261904761904762,108,0.3630952380952381,SPY,yfinance,2y,2026-07-28,scan_20260728_215640,False,False
True,0,-1.7883351643880205,-2.1633351643880205,True,False,觀察 (跌勢收斂),97.73999786376953,2026-07-28 00:00:00,96.51199989318847,0.004999923706051845,False,True,1.0800306342680128,False,0.13192775935575557,136.93569323257307,0.1285128751098557,0.12397221746749651,0.28049311324749304,0.06815205713708306,2.921015506662239,0.28049311324749304,True,True,True,False,False,True,0.9587175036802229,False,-0.02201325319084879,偏強 (RS上升),MNST,Monster Beverage,1,v1,phase6a,2026-07-12,2,3,3,3,1,3,v1,96,0.43452380952380953,96,0.43452380952380953,74,0.5654761904761905,SPY,yfinance,2y,2026-07-28,scan_20260728_215640,False,False
True,0,2.4916737874348955,4.1183420817057295,True,False,觀望 (動能減弱),393.3500061035156,2026-07-28 00:00:00,388.93749847412107,1.2389999389648096,False,True,1.0025072022477368,False,0.5309370378761353,67.25210270231564,0.5237008288586275,0.5394391354921065,0.14565867791929143,-0.06313115782076162,-0.1975025906882033,0.14565867791929143,True,False,False,False,False,True,0.39350042217435577,False,-0.14585682383520193,中性,MSFT,Microsoft,0,v1,phase6a,2026-07-12,0,0,2,0,0,0,v1,142,0.16071428571428573,142,0.16071428571428573,154,0.08928571428571429,SPY,yfinance,2y,2026-07-28,scan_20260728_215640,False,False
False,0,-5.126673380533852,-9.450007120768227,False,True,強烈賣出 (跌破),440.30999755859375,2026-07-28 00:00:00,417.05049591064454,1.385499572753929,False,True,0.8910159599836263,False,0.5943228224826478,81.68640331728668,0.558475876351543,0.5658436829272142,0.6802498020330727,1.082916262447342,2.091966580671367,0.6802498020330727,True,True,False,False,False,True,0.8326066309575706,False,0.0,偏強 (RS上升),MSI,Motorola Solutions,0,v1,phase6a,2026-07-12,1,1,2,1,0,1,v1,143,0.15476190476190477,143,0.15476190476190477,131,0.2261904761904762,SPY,yfinance,2y,2026-07-28,scan_20260728_215640,False,False
False,0,28.051676432291664,16.74334716796875,False,True,強烈買入 (爆發),1388.3800048828125,2026-07-28 00:00:00,1302.5375122070313,6.231500244140761,False,True,0.9734932019512307,False,1.8740113278273227,68.6830219054759,1.7380910217614767,1.702755702231069,0.8299998017842647,2.0978932397587524,9.40858883170812,0.8299998017842647,True,True,True,True,False,True,1.0,False,0.0,強勢 (RS強勁),MTD,Mettler Toledo,3,v1,phase6a,2026-07-12,3,6,5,6,3,6,v1,26,0.8511904761904762,26,0.8511904761904762,13,0.9285714285714286,SPY,yfinance,2y,2026-07-28,scan_20260728_215640,False,False
True,0,-2.0766652425130205,-2.1316655476888022,True,False,觀察 (跌勢收斂),91.5199966430664,2026-07-28 00:00:00,93.71149940490723,-0.1495002746581946,False,False,0.7778027900368063,False,0.12353210924144749,143.55717150646268,0.12675299684557773,0.13637998826601427,-0.2667679318975824,-0.23943999459707932,-7.286852592138171,-0.2667679318975824,False,False,False,False,False,False,0.07735828422638787,False,-0.23979700896340106,中性,NEM,Newmont,1,v1,phase6a,2026-07-12,0,1,1,1,1,1,v1,97,0.42857142857142855,97,0.42857142857142855,121,0.2857142857142857,SPY,yfinance,2y,2026-07-28,scan_20260728_215640,False,False
True,0,1.3783340454101562,1.4300003051757812,True,False,觀望 (動能減弱),89.27999877929688,2026-07-28 00:00:00,88.45400009155273,0.030999755859369316,False,True,0.7066955636942064,False,0.12050859885074043,91.41229910693964,0.11903387352192767,0.1205690176436644,0.1305821181017519,0.9139807762279295,0.9547880203742309,0.1305821181017519,True,False,False,False,False,True,0.44506146886004283,False,-0.07236787606784323,偏強 (RS上升),NEE,NextEra Energy,0,v1,phase6a,2026-07-12,1,1,2,1,0,1,v1,144,0.1488095238095238,144,0.1488095238095238,132,0.22023809523809523,SPY,yfinance,2y,2026-07-28,scan_20260728_215640,False,False
True,0,-1.2716662089029949,-0.9833329518636067,True,False,賣出 (動能轉弱),43.04999923706055,2026-07-28 00:00:00,42.95149974822998,0.07849998474120667,False,True,0.9479003392621933,False,0.05810814470784503,44.12330437652691,0.0575666087121413,0.06039281981536983,0.09912046709006361,-0.845685661220541,-1.5764137084175345,0.09912046709006361,True,False,False,False,False,True,0.4191309682731775,False,-0.08306496326832002,中性,NKE,Nike,0,v1,phase6a,2026-07-12,0,0,2,0,0,0,v1,145,0.14285714285714285,145,0.14285714285714285,155,0.08333333333333333,SPY,yfinance,2y,2026-07-28,scan_20260728_215640,False,False
True,0,-0.0014419555664062483,0.018595059712727863,True,False,賣出 (動能轉弱),14.260000228881836,2026-07-28 00:00:00,14.331207275390625,-0.0043130397796637965,False,False,1.2275343849428269,False,0.019247901777439087,76.77987322237728,0.019232366315688625,0.019373579969552412,0.008503638072188124,0.11690443055050181,0.05376760641127021,0.008503638072188124,True,False,False,False,False,True,0.594205814535439,False,-0.013831245417532223,偏強 (RS上升),NXP,NXP Semiconductors,0,v1,phase6a,2026-07-12,1,1,0,1,0,1,v1,146,0.13690476190476192,146,0.13690476190476192,133,0.21428571428571427,SPY,yfinance,2y,2026-07-28,scan_20260728_215640,False,False
True,0,-11.393335978190102,-7.8700002034505205,True,False,賣出 (動能轉弱),259.1199951171875,2026-07-28 00:00:00,276.2375,-0.9624999999999773,False,False,1.6462196761923582,True,0.34975568965872345,75.43609464180263,0.3719009915303072,0.37726881358665143,-0.6228980778019477,-1.3996179087116367,-7.887786900915151,-0.6228980778019477,False,False,False,False,False,False,0.0,False,-0.21844787763417406,中性,NXPI,NXP Semiconductors,0,v1,phase6a,2026-07-12,0,0,0,0,0,0,v1,147,0.13095238095238096,147,0.13095238095238096,156,0.07738095238095238,SPY,yfinance,2y,2026-07-28,scan_20260728_215640,False,False
True,0,-5.145001729329427,-4.538335164388021,True,False,賣出 (動能轉弱),84.38999938964844,2026-07-28 00:00:00,91.31950035095215,-0.20900001525878054,False,False,1.061344693911824,False,0.11390816221448725,77.44677350417852,0.1251026843649961,0.1321956338959162,-0.9331334392059243,-3.0318541246157293,-18.28691441929411,-0.9331334392059243,False,False,False,False,False,False,0.0,False,-0.36989469122170127,中性,ON,ON Semiconductor,0,v1,phase6a,2026-07-12,0,0,0,0,0,0,v1,148,0.125,148,0.125,157,0.07142857142857142,SPY,yfinance,2y,2026-07-28,scan_20260728_215640,False,False
True,0,-0.8933321634928385,-0.5066655476888021,True,False,賣出 (動能轉弱),73.61000061035156,2026-07-28 00:00:00,72.57149925231934,0.0345001220703125,False,True,0.6416212013026115,False,0.09935750623030502,58.94765514456352,0.09747791027492103,0.10041361403245928,0.20338413623208762,-0.034132375354989364,-0.3778771630950084,0.20338413623208762,True,False,False,False,False,True,0.5160075665833229,False,-0.04406868327983915,中性,OTIS,Otis Worldwide,0,v1,phase6a,2026-07-12,0,0,2,0,0,0,v1,149,0.11904761904761904,149,0.11904761904761904,158,0.06547619047619048,SPY,yfinance,2y,2026-07-28,scan_20260728_215640,False,False
False,0,-10.711664835611979,-10.123331705729166,False,True,強烈賣出 (跌破),319.0,2026-07-28 00:00:00,339.1104995727539,-0.6500000000000341,False,False,0.9229673407985424,False,0.4305806850246123,142.29562720869347,0.4409719395765407,0.39127309892661255,-0.2474329337120662,-0.6363413880111302,15.169436895971078,-0.2474329337120662,False,True,True,False,False,False,0.7755849613471577,False,-0.11062783953954425,中性,PANW,Palo Alto Networks,0,v1,phase6a,2026-07-12,0,0,0,0,0,0,v1,150,0.1130952380952381,150,0.1130952380952381,159,0.05952380952380952,SPY,yfinance,2y,2026-07-28,scan_20260728_215640,False,False
True,0,-0.5490086873372395,-0.7560297648111978,True,False,觀察 (跌勢收斂),148.8800048828125,2026-07-28 00:00:00,147.66673202514647,0.07649917602537926,False,True,1.1641784037155778,False,0.20095565670504398,66.42104251412637,0.19846365559747164,0.19968262615382193,0.1323482003041443,0.3827630825140149,-0.3208361795404735,0.1323482003041443,True,True,False,False,False,True,0.7767915518328917,False,-0.0180595721932022,偏強 (RS上升),PG,Procter & Gamble,1,v1,phase6a,2026-07-12,1,2,3,2,1,2,v1,98,0.4226190476190476,98,0.4226190476190476,99,0.4166666666666667,SPY,yfinance,2y,2026-07-28,scan_20260728_215640,False,False
True,0,23.384999593098957,16.26666259765625,True,False,買入 (動能增強),990.9600219726562,2026-07-28 00:00:00,964.8000030517578,1.3585021972655795,False,True,0.8584689467173051,False,1.337580705620662,132.25230440783193,1.2961321724959631,1.2786731140925445,0.337754112072286,1.7385144000757746,2.9920936027153733,0.337754112072286,True,True,True,False,False,True,0.9595293632380019,False,0.0,偏強 (RS上升),PH,Parker Hannifin,2,v1,phase6a,2026-07-12,2,4,4,4,2,4,v1,53,0.6904761904761905,53,0.6904761904761905,42,0.7559523809523809,SPY,yfinance,2y,2026-07-28,scan_20260728_215640,False,False
True,0,-4.27999750773112,-2.216663360595703,True,False,賣出 (動能轉弱),123.52999877929688,2026-07-28 00:00:00,129.22149963378905,0.3915000915527287,False,False,1.1359187090876968,False,0.16673865672564003,327.6660450395128,0.17251349812921654,0.18062082817283145,-0.35112824073144644,-1.2407651268929287,1.3242617451228789,-0.35112824073144644,False,False,False,False,False,False,0.3117608455088489,False,-0.2310612917987781,中性,PLTR,Palantir Technologies,0,v1,phase6a,2026-07-12,0,0,1,0,0,0,v1,151,0.10714285714285714,151,0.10714285714285714,160,0.05357142857142857,SPY,yfinance,2y,2026-07-28,scan_20260728_215640,False,False
True,0,-2.2383346557617188,-1.773334503173828,True,False,賣出 (動能轉弱),105.33000183105469,2026-07-28 00:00:00,107.15250091552734,-0.1264999389648409,True,False,1.1611115563347578,False,0.14217261549234858,96.16621453133348,0.14285727134919518,0.1418210277262911,-0.05042284346084003,-0.0913076163126414,1.5987387042883938,-0.05042284346084003,False,True,True,False,False,False,0.6865251066210323,False,-0.036938838932721874,中性,PNW,Pinnacle West Capital,0,v1,phase6a,2026-07-12,0,0,0,0,0,0,v1,152,0.10119047619047619,152,0.10119047619047619,161,0.047619047619047616,SPY,yfinance,2y,2026-07-28,scan_20260728_215640,False,False
True,0,2.3216654459635415,2.5533320109049478,True,False,觀望 (動能減弱),167.47000122070312,2026-07-28 00:00:00,161.3974983215332,0.4864997863769531,False,True,1.0023246929410072,False,0.22604811237204703,62.7087513742733,0.21627655933673295,0.22648895033907274,0.47786025906018104,1.1895754769607247,5.754345194777488,0.47786025906018104,True,False,False,False,False,True,0.6925896142125049,False,-0.04324721409841026,偏強 (RS上升),PODD,Insulet Corporation,0,v1,phase6a,2026-07-12,1,1,2,1,0,1,v1,153,0.09523809523809523,153,0.09523809523809523,134,0.20833333333333334,SPY,yfinance,2y,2026-07-28,scan_20260728_215640,False,False
False,0,-4.92999776204427,-7.833333333333333,False,True,強烈賣出 (跌破),330.4700012207031,2026-07-28 00:00:00,320.5665008544922,0.3009994506836051,False,True,1.107777204561771,False,0.44606269437521884,84.7898142752962,0.4296551944164837,0.4250184846990523,0.40359707683919055,0.7085364591199461,0.439912869459147,0.40359707683919055,True,True,True,True,False,True,1.0,False,0.0,強勢 (RS強勁),PSA,Public Storage,0,v1,phase6a,2026-07-12,3,3,2,3,0,3,v1,154,0.08928571428571429,154,0.08928571428571429,81,0.5238095238095238,SPY,yfinance,2y,2026-07-28,scan_20260728_215640,False,False
True,0,-7.2799936930338545,-11.139999389648436,True,False,觀察 (跌勢收斂),471.1700134277344,2026-07-28 00:00:00,468.44750213623047,-0.5579986572265625,False,True,1.0874182328099793,False,0.6359771383848578,128.39974859627296,0.6256527106152537,0.6156567575526033,0.17400594884655618,0.12321721483987691,-0.21237036324776026,0.17400594884655618,True,True,True,False,False,True,0.7447473160667273,False,-0.04829517207931244,偏強 (RS上升),ROK,Rockwell Automation,1,v1,phase6a,2026-07-12,2,3,2,3,1,3,v1,100,0.4107142857142857,100,0.4107142857142857,75,0.5595238095238095,SPY,yfinance,2y,2026-07-28,scan_20260728_215640,False,False
True,0,-2.286666870117187,-0.7841695149739581,True,False,賣出 (動能轉弱),216.6300048828125,2026-07-28 00:00:00,218.31923828125,0.12874603271484375,False,False,0.8453686939869284,False,0.2924034354210862,82.77751388657923,0.2916079110486398,0.29109409337466907,0.02872468761492275,0.26743582037760394,2.9984467011279214,0.02872468761492275,True,True,True,False,False,False,0.805766104016473,False,-0.035098613945151125,偏強 (RS上升),RSG,Republic Services,0,v1,phase6a,2026-07-12,1,1,1,1,0,1,v1,155,0.08333333333333333,155,0.08333333333333333,135,0.20238095238095238,SPY,yfinance,2y,2026-07-28,scan_20260728_215640,False,False
True,0,-0.7733345031738281,-0.051667531331380245,True,False,賣出 (動能轉弱),103.0999984741211,2026-07-28 00:00:00,104.53950004577636,-0.04799995422364134,False,False,1.1007101183089671,False,0.1391625955141804,103.59839252812861,0.13978846338275783,0.13897287219582904,-0.04710674426522399,-0.07776487992727787,1.784206176420322,-0.04710674426522399,False,True,True,False,False,False,0.664854050702819,False,-0.04862973275717808,中性,SBUX,Starbucks,0,v1,phase6a,2026-07-12,0,0,0,0,0,0,v1,156,0.07738095238095238,156,0.07738095238095238,162,0.041666666666666664,SPY,yfinance,2y,2026-07-28,scan_20260728_215640,False,False
True,0,-0.18332417805989643,-2.536656697591146,True,False,觀察 (跌勢收斂),419.30999755859375,2026-07-28 00:00:00,406.07799835205077,1.0475006103515625,False,True,1.0287580086638528,False,0.5659773855374539,113.31235116065709,0.5428884112686587,0.5325746082231991,0.44969606813141105,0.8445593088739045,3.7515645867952196,0.44969606813141105,True,True,True,True,False,True,1.0,False,0.0,強勢 (RS強勁),SNA,Snap-on,1,v1,phase6a,2026-07-12,3,4,3,4,1,4,v1,102,0.39880952380952384,102,0.39880952380952384,50,0.7083333333333334,SPY,yfinance,2y,2026-07-28,scan_20260728_215640,False,False
True,0,-0.2766660054524739,-0.5816663106282551,True,False,觀察 (跌勢收斂),96.77999877929688,2026-07-28 00:00:00,95.9435001373291,0.0014999389648409078,False,True,1.1878851044118057,False,0.1306319691883097,89.37024872182856,0.12869734326441423,0.1289464693784948,0.15848624219083618,0.8914099789391283,0.840018163609435,0.15848624219083618,True,True,False,False,False,True,0.8219523107331448,False,-0.012247443728545249,偏強 (RS上升),SO,Southern Company,1,v1,phase6a,2026-07-12,1,2,3,2,1,2,v1,103,0.39285714285714285,103,0.39285714285714285,101,0.40476190476190477,SPY,yfinance,2y,2026-07-28,scan_20260728_215640,False,False
True,0,-2.1466649373372397,-1.6533317565917969,True,False,賣出 (動能轉弱),90.55999755859375,2026-07-28 00:00:00,92.86700019836425,-0.16750030517579262,False,False,0.5896332601148236,False,0.1222363190740016,87.19631627462506,0.12411444954209314,0.1254814934854636,-0.15903348788317562,0.1293008855576927,0.13390983192529404,-0.15903348788317562,False,False,False,False,False,False,0.47813965279270004,False,-0.050036758426947436,中性,SRE,Sempra,0,v1,phase6a,2026-07-12,0,0,0,0,0,0,v1,158,0.06547619047619048,158,0.06547619047619048,163,0.03571428571428571,SPY,yfinance,2y,2026-07-28,scan_20260728_215640,False,False
False,0,1.2350006103515625,-0.7933324178059897,False,True,強烈買入 (爆發),230.33999633789062,2026-07-28 00:00:00,214.88400115966797,0.8549995422363281,False,True,0.9974819216169744,False,0.31090894486437504,71.28749776768694,0.28899141944460066,0.2929197635374488,0.804755560849002,1.1450323804899742,2.1557303192253796,0.804755560849002,True,True,False,True,False,True,1.0,False,0.0,強勢 (RS強勁),STE,Steris,3,v1,phase6a,2026-07-12,2,5,5,5,3,5,v1,27,0.8452380952380952,27,0.8452380952380952,22,0.875,SPY,yfinance,2y,2026-07-28,scan_20260728_215640,False,False
True,0,-7.8733520507812536,0.5099894205729179,True,False,賣出 (動能轉弱),747.2999877929688,2026-07-28 00:00:00,854.4419982910156,-11.061502075195335,False,False,1.6105548705460304,True,1.0086926039585606,538.1533007291026,1.1519860830064417,1.1096296446566916,-1.292427119884243,-1.0727472582269248,-10.336077671007871,-1.292427119884243,False,False,True,False,False,False,0.03292292074824796,False,-0.31644837700801365,中性,STX,Seagate Technology,0,v1,phase6a,2026-07-12,0,0,0,0,0,0,v1,159,0.05952380952380952,159,0.05952380952380952,164,0.02976190476190476,SPY,yfinance,2y,2026-07-28,scan_20260728_215640,False,False
True,0,-2.1416600545247393,-2.2216618855794272,True,False,觀察 (跌勢收斂),132.02000427246094,2026-07-28 00:00:00,132.85299987792968,-0.3819999694824219,True,False,0.7995262112659627,False,0.1781983193623463,40.361639645662386,0.1794834306321902,0.19021678373646747,-0.07531223996481984,-1.0998718385562878,-7.356994785247717,-0.07531223996481984,False,False,False,False,False,True,0.11006222003463186,False,-0.1361078527344204,中性,STZ,Constellation Brands,1,v1,phase6a,2026-07-12,0,1,1,1,1,1,v1,104,0.3869047619047619,104,0.3869047619047619,122,0.27976190476190477,SPY,yfinance,2y,2026-07-28,scan_20260728_215640,False,False
False,0,-1.3950042724609375,-3.2400054931640625,False,True,強烈賣出 (跌破),346.6000061035156,2026-07-28 00:00:00,323.92650146484374,0.8480010986327784,False,True,1.0351652509679992,False,0.467834696105287,76.14299930960077,0.43521706860860376,0.4365374033791945,0.7951747592775726,1.6125827665964598,3.083000015470083,0.7951747592775726,True,True,False,True,False,True,1.0,False,0.0,強勢 (RS強勁),SYK,Stryker Corporation,0,v1,phase6a,2026-07-12,2,2,2,2,0,2,v1,160,0.05357142857142857,160,0.05357142857142857,109,0.35714285714285715,SPY,yfinance,2y,2026-07-28,scan_20260728_215640,False,False
True,0,-0.8733342488606768,-1.4683329264322915,True,False,觀察 (跌勢收斂),85.19999694824219,2026-07-28 00:00:00,82.8974838256836,0.11745681762695881,False,True,0.6473829953560328,False,0.1150014829155768,88.27987922299216,0.11055119603496905,0.10864758953558484,0.42554466779316513,1.2385471089206845,4.062324093064973,0.42554466779316513,True,True,True,True,False,True,1.0,False,0.0,強勢 (RS強勁),SYY,Sysco,1,v1,phase6a,2026-07-12,3,4,3,4,1,4,v1,105,0.38095238095238093,105,0.38095238095238093,51,0.7023809523809523,SPY,yfinance,2y,2026-07-28,scan_20260728_215640,False,False
False,0,1.986666997273763,1.8583335876464844,False,True,強烈買入 (爆發),42.5099983215332,2026-07-28 00:00:00,40.09050025939941,0.13799991607665874,False,True,1.069418939505869,False,0.05737926080777707,61.90493422155706,0.05452075650705113,0.05568785346714181,0.5549538162558543,1.3632856895020806,-0.11590860148398274,0.5549538162558543,True,True,False,False,False,True,0.863242912138887,False,-0.0025742667130423946,偏強 (RS上升),TAP,Molson Coors Beverage Company,3,v1,phase6a,2026-07-12,1,4,5,4,3,4,v1,28,0.8392857142857143,28,0.8392857142857143,34,0.8035714285714286,SPY,yfinance,2y,2026-07-28,scan_20260728_215640,False,False
True,0,8.579986572265625,0.29998779296874956,True,False,買入 (動能增強),649.6699829101562,2026-07-28 00:00:00,642.6230010986328,0.4225006103515625,False,True,0.7492065040978425,False,0.8769133112269066,110.31105036117403,0.8607795519058684,0.8618049614352611,0.1976868232439033,1.4570964056745073,2.2237328885911234,0.1976868232439033,True,True,False,False,False,True,0.8156223313065544,False,-0.025836018703169983,偏強 (RS上升),TDY,Teledyne Technologies,4,v1,phase6a,2026-07-12,1,5,6,5,4,5,v1,6,0.9702380952380952,6,0.9702380952380952,19,0.8928571428571429,SPY,yfinance,2y,2026-07-28,scan_20260728_215640,False,True
True,0,6.991663614908854,4.953330993652344,True,False,買入 (動能增強),214.2899932861328,2026-07-28 00:00:00,201.81999893188475,0.79949951171875,False,True,1.1061021201543229,False,0.2892449282227669,101.5879308932975,0.27410156626306836,0.2813981213854648,0.5849519504184109,0.8104707480016016,-2.0970109766814238,0.5849519504184109,True,True,False,False,False,True,0.8398219196084925,False,-0.029263903573577332,偏強 (RS上升),TEL,TE Connectivity,2,v1,phase6a,2026-07-12,1,3,4,3,2,3,v1,55,0.6785714285714286,55,0.6785714285714286,62,0.6369047619047619,SPY,yfinance,2y,2026-07-28,scan_20260728_215640,False,False
False,0,3.4383392333984375,2.586669921875,False,True,強烈買入 (爆發),160.8000030517578,2026-07-28 00:00:00,153.48449935913087,0.4785003662109375,False,True,0.8534618864082835,False,0.21704506415669475,105.20790410182067,0.2087454156628793,0.21258438299367924,0.42028179986970393,0.7336290861440942,-3.724060579935462,0.42028179986970393,True,True,False,False,False,True,0.5718353934426124,False,-0.045187343060807406,偏強 (RS上升),TJX,TJX Companies,3,v1,phase6a,2026-07-12,1,4,5,4,3,4,v1,29,0.8333333333333334,29,0.8333333333333334,35,0.7976190476190477,SPY,yfinance,2y,2026-07-28,scan_20260728_215640,False,False
False,0,14.519999186197914,14.394999186197914,False,True,強烈買入 (爆發),389.4200134277344,2026-07-28 00:00:00,410.3765014648437,-1.5279998779296875,False,False,0.7077508276576912,False,0.5256324017053529,103.87323808602386,0.5466553710359509,0.5528558270390558,-0.4031830730388153,0.9035205937178992,5.103534352766981,-0.4031830730388153,False,False,False,False,False,False,0.3915912259049628,False,-0.11018188375539417,中性,TPL,Texas Pacific Land Corporation,3,v1,phase6a,2026-07-12,0,3,3,3,3,3,v1,30,0.8273809523809523,30,0.8273809523809523,56,0.6726190476190477,SPY,yfinance,2y,2026-07-28,scan_20260728_215640,False,False
False,0,1.5249989827473958,-0.6483357747395833,False,True,強烈買入 (爆發),150.89999389648438,2026-07-28 00:00:00,142.58200073242188,0.21699981689454262,False,True,0.7815095454043635,False,0.20368220295347353,278.28497117645634,0.19275336337510424,0.19427718592101065,0.6004104377581809,1.1315273758014444,-1.9345644234087023,0.6004104377581809,True,True,False,False,False,True,0.9513323463805746,False,-0.0005961427472347403,偏強 (RS上升),TPR,"Tapestry, Inc.",3,v1,phase6a,2026-07-12,1,4,5,4,3,4,v1,31,0.8214285714285714,31,0.8214285714285714,36,0.7916666666666666,SPY,yfinance,2y,2026-07-28,scan_20260728_215640,False,False
False,0,0.3649991353352865,-0.45666821797688806,False,True,強烈買入 (爆發),58.380001068115234,2026-07-28 00:00:00,52.78800010681152,0.38050003051758097,False,True,1.2116962162588485,False,0.07880031614936255,76.24459642307787,0.07125713861657852,0.07545037160039604,1.1268571253479465,1.4622757681974186,1.4981398918830546,1.1268571253479465,True,True,False,False,False,True,0.43451725787855344,False,-0.1479859321618523,偏強 (RS上升),TRMB,Trimble Inc.,3,v1,phase6a,2026-07-12,1,4,5,4,3,4,v1,32,0.8154761904761905,32,0.8154761904761905,37,0.7857142857142857,SPY,yfinance,2y,2026-07-28,scan_20260728_215640,False,False
True,0,-0.9050025939941405,-1.3633359273274737,True,False,觀察 (跌勢收斂),121.68000030517578,2026-07-28 00:00:00,117.40800094604492,0.3650001525878963,False,True,1.035928425263005,False,0.16424156076864457,85.45827626816009,0.1561451256397429,0.14908216268077826,0.5488058358009029,1.3311121307819196,7.948043361316515,0.5488058358009029,True,True,True,True,True,True,1.0,False,0.0,強勢 (RS強勁),TROW,T. Rowe Price,1,v1,phase6a,2026-07-12,3,4,3,4,1,4,v1,106,0.375,106,0.375,52,0.6964285714285714,SPY,yfinance,2y,2026-07-28,scan_20260728_215640,False,False
True,0,0.176666259765625,-0.3216667175292969,True,False,買入 (動能增強),31.459999084472656,2026-07-28 00:00:00,30.639499855041503,0.012999916076658735,False,True,0.958745498693785,False,0.04246416287356085,44.24315082822385,0.04120431612377509,0.044604767164454315,0.3228876456581098,0.8295936405084747,-0.8978902544323986,0.3228876456581098,True,False,False,False,False,True,0.4690769043796125,False,-0.06250593248151137,偏強 (RS上升),TSCO,Tractor Supply,2,v1,phase6a,2026-07-12,1,3,4,3,2,3,v1,56,0.6726190476190477,56,0.6726190476190477,63,0.6309523809523809,SPY,yfinance,2y,2026-07-28,scan_20260728_215640,False,False
False,0,-0.016666412353515514,-0.6466662089029946,False,True,強烈賣出 (跌破),61.18000030517578,2026-07-28 00:00:00,58.132500076293944,0.1264999389648409,False,True,1.163132339198781,False,0.08257970671225259,77.1957844707236,0.07838183142276836,0.08098182544061978,0.5669513650927716,0.9306652615130862,-0.7622696205051627,0.5669513650927716,True,True,False,False,False,True,0.3971314838997842,False,-0.10260875111978274,偏強 (RS上升),TSN,Tyson Foods,0,v1,phase6a,2026-07-12,1,1,2,1,0,1,v1,161,0.047619047619047616,161,0.047619047619047616,137,0.19047619047619047,SPY,yfinance,2y,2026-07-28,scan_20260728_215640,False,False
False,0,-17.441665649414062,-14.100001017252605,False,True,強烈賣出 (跌破),277.07000732421875,2026-07-28 00:00:00,293.9414978027344,-0.420500183105446,False,False,1.2558940829992256,False,0.37398430581014563,104.32172414168626,0.39133514567506295,0.38765668511761636,-0.46454293328139773,-1.672341956980583,-3.9456619183309893,-0.46454293328139773,False,False,True,False,False,False,0.0,False,-0.16615502485224531,中性,TXN,Texas Instruments,0,v1,phase6a,2026-07-12,0,0,0,0,0,0,v1,162,0.041666666666666664,162,0.041666666666666664,165,0.023809523809523808,SPY,yfinance,2y,2026-07-28,scan_20260728_215640,False,False
True,0,-0.9933268229166665,-0.9048563639322916,True,False,賣出 (動能轉弱),39.0,2026-07-28 00:00:00,39.89396800994873,-0.041855430603028765,False,False,1.8090030312176666,True,0.05264152575536012,73.79607903039845,0.05304358164897369,0.052351281488590536,-0.0797229968100055,-0.05171980013221056,2.36127915876323,-0.0797229968100055,False,True,True,False,False,False,0.6556223774882329,False,-0.05092413977486454,中性,UDR,"UDR, Inc.",0,v1,phase6a,2026-07-12,0,0,0,0,0,0,v1,163,0.03571428571428571,163,0.03571428571428571,166,0.017857142857142856,SPY,yfinance,2y,2026-07-28,scan_20260728_215640,False,False
True,0,0.22833283742268878,0.1416660944620768,True,False,買入 (動能增強),27.100000381469727,2026-07-28 00:00:00,26.57100009918213,-0.003999996185303445,True,True,1.4274951519248633,False,0.036579112001318144,70.0695774746059,0.03589231546374243,0.036848941632709215,0.2018267163829801,0.34833544867349797,-2.2750425764244575,0.2018267163829801,True,False,False,False,False,True,0.4572019295069681,False,-0.04718613809955141,偏強 (RS上升),VICI,Vici Properties,2,v1,phase6a,2026-07-12,1,3,3,3,2,3,v1,58,0.6607142857142857,58,0.6607142857142857,64,0.625,SPY,yfinance,2y,2026-07-28,scan_20260728_215640,False,False
False,0,0.4883333841959635,-0.004999796549479185,False,True,強烈買入 (爆發),98.47000122070312,2026-07-28 00:00:00,92.41349983215332,0.514000320434576,False,True,1.3540210536641402,False,0.1329131052664099,67.93731303781324,0.12356983848071212,0.12203084368605367,0.8022931374576769,1.6730615019489692,6.858997165369751,0.8022931374576769,True,True,True,True,False,True,1.0,False,0.0,強勢 (RS強勁),VLTO,Veralto,3,v1,phase6a,2026-07-12,3,6,5,6,3,6,v1,33,0.8095238095238095,33,0.8095238095238095,14,0.9226190476190477,SPY,yfinance,2y,2026-07-28,scan_20260728_215640,False,False
True,0,-21.324996948242184,-16.399998982747395,True,False,賣出 (動能轉弱),269.55999755859375,2026-07-28 00:00:00,303.8994995117188,-1.8705001831054346,False,False,1.668991464789518,True,0.3638474244639878,248.8487684373671,0.40340093910851804,0.4139633637988106,-1.0215630151261257,-2.0989725120174607,-5.863410470225472,-1.0215630151261257,False,False,False,False,False,False,0.0,False,-0.2833743045042326,中性,VRT,Vertiv,0,v1,phase6a,2026-07-12,0,0,0,0,0,0,v1,164,0.02976190476190476,164,0.02976190476190476,167,0.011904761904761904,SPY,yfinance,2y,2026-07-28,scan_20260728_215640,False,False
True,0,5.248334248860678,7.7566680908203125,True,False,觀望 (動能減弱),148.63999938964844,2026-07-28 00:00:00,157.86850051879884,-0.6870002746582031,False,False,1.308649182652344,False,0.20063170143966388,151.71426149929903,0.21300414957250655,0.2140419510691809,-0.6077103985097532,0.920850877528756,-0.41786316715353156,-0.6077103985097532,False,False,False,False,False,False,0.3729266978664867,False,-0.12036925584189595,中性,VST,Vistra Corp.,2,v1,phase6a,2026-07-12,0,2,2,2,2,2,v1,59,0.6547619047619048,59,0.6547619047619048,87,0.4880952380952381,SPY,yfinance,2y,2026-07-28,scan_20260728_215640,False,True
True,0,0.17166519165039068,0.2849985758463542,True,False,觀望 (動能減弱),86.87000274658203,2026-07-28 00:00:00,86.57650032043458,0.1680000305175895,False,True,0.4641115693392294,False,0.11725562787057442,109.58367109101201,0.11581042538714674,0.11395530288800931,0.13153105204573023,0.667662041471373,3.857270847591332,0.13153105204573023,True,True,True,False,False,True,0.9571791108568426,False,-0.013625490546160468,偏強 (RS上升),WFC,Wells Fargo,0,v1,phase6a,2026-07-12,2,2,2,2,0,2,v1,165,0.023809523809523808,165,0.023809523809523808,110,0.35119047619047616,SPY,yfinance,2y,2026-07-28,scan_20260728_215640,False,False
True,0,-1.4549980163574219,-0.41333134969075513,True,False,賣出 (動能轉弱),70.16000366210938,2026-07-28 00:00:00,73.95149955749511,-0.24499969482423012,True,False,0.9613173374613344,False,0.09470075999423311,125.62150075022775,0.09895359920421065,0.09988022994572425,-0.4503637640353553,-0.5464577954336081,-1.3515074151811968,-0.4503637640353553,False,False,False,False,False,False,0.17757244522460605,False,-0.10984762210273735,中性,WMB,Williams Companies,0,v1,phase6a,2026-07-12,0,0,0,0,0,0,v1,166,0.017857142857142856,166,0.017857142857142856,168,0.005952380952380952,SPY,yfinance,2y,2026-07-28,scan_20260728_215640,False,False
True,0,-1.801666259765625,-1.1049995422363283,True,False,賣出 (動能轉弱),113.0999984741211,2026-07-28 00:00:00,112.00749931335449,-0.07500000000000284,True,True,1.0855506665408596,False,0.15266042263093937,118.8746491786994,0.151487488136299,0.15946299271030687,0.08156944286392687,-0.9003693635679322,-5.794860115862866,0.08156944286392687,True,False,False,False,False,True,0.180011929189289,False,-0.15722801008899334,中性,WMT,Walmart,0,v1,phase6a,2026-07-12,0,0,1,0,0,0,v1,167,0.011904761904761904,167,0.011904761904761904,169,0.0,SPY,yfinance,2y,2026-07-28,scan_20260728_215640,False,False
True,0,-0.5450019836425781,-0.495001475016276,True,False,賣出 (動能轉弱),99.0199966430664,2026-07-28 00:00:00,96.98899955749512,-0.020000076293939628,True,True,0.9475962653592922,False,0.13365547957901674,87.99487214632423,0.13158512814238257,0.13676948345024065,0.1658950911064494,0.09421155499866884,-5.480076433726932,0.1658950911064494,True,False,False,False,False,True,0.3555663293581067,False,-0.08102091282536983,偏強 (RS上升),WYNN,Wynn Resorts,0,v1,phase6a,2026-07-12,1,1,1,1,0,1,v1,168,0.005952380952380952,168,0.005952380952380952,138,0.18452380952380953,SPY,yfinance,2y,2026-07-28,scan_20260728_215640,False,False
True,0,0.1150004069010416,-0.10166676839192718,True,False,買入 (動能增強),80.33000183105469,2026-07-28 00:00:00,80.07049980163575,-0.08250007629393963,False,True,0.8366525717847055,False,0.10842804770045106,106.61464942995369,0.1075885623397015,0.10831960213627387,0.08220159944927197,0.8626348950659724,-0.16278910824905068,0.08220159944927197,True,True,False,False,False,True,0.5940320523784804,False,-0.023105940025705984,偏強 (RS上升),XEL,Xcel Energy,4,v1,phase6a,2026-07-12,1,5,5,5,4,5,v1,7,0.9642857142857143,7,0.9642857142857143,20,0.8869047619047619,SPY,yfinance,2y,2026-07-28,scan_20260728_215640,False,True
True,0,1.5399983723958333,0.9333330790201821,True,False,買入 (動能增強),83.0999984741211,2026-07-28 00:00:00,78.83999938964844,0.25400009155274006,False,True,0.9994158690869261,False,0.11216694128066237,98.27292375074134,0.1055240333860168,0.10123060277289558,0.6670688582461892,1.05775372442376,6.3566708298379515,0.6670688582461892,True,True,True,True,True,True,1.0,False,0.0,強勢 (RS強勁),XYZ,"Block, Inc.",2,v1,phase6a,2026-07-12,3,5,4,5,2,5,v1,60,0.6488095238095238,60,0.6488095238095238,27,0.8452380952380952,SPY,yfinance,2y,2026-07-28,scan_20260728_215640,False,False
True,0,0.7951291402180989,1.0915400187174478,True,False,觀望 (動能減弱),77.51000213623047,2026-07-28 00:00:00,74.86835899353028,0.23835449218751137,False,True,0.9626570281721549,False,0.10462166086544601,31.587369603780854,0.10186104144590877,0.1132678913994176,0.2860984844035297,0.38524108963091663,-3.9627255782661797,0.2860984844035297,True,False,False,False,False,True,0.14575476724658196,False,-0.3163076786413088,偏強 (RS上升),ZTS,Zoetis,0,v1,phase6a,2026-07-12,1,1,2,1,0,1,v1,169,0.0,169,0.0,139,0.17857142857142858,SPY,yfinance,2y,2026-07-28,scan_20260728_215640,False,False
False,0,1.9416656494140625,2.1316655476888022,False,True,強烈買入 (爆發),95.75,2026-07-28 00:00:00,90.06450004577637,0.22550010681152344,False,True,1.3744732748967492,False,0.12924169464296748,63.311946211542136,0.12169993818727563,0.12125640502311583,0.6565998767440018,1.2394670982307732,1.8447082598412434,0.6565998767440018,True,True,True,True,False,True,1.0,False,0.0,強勢 (RS強勁),ZBH,Zimmer Biomet,3,v1,phase6a,2026-07-12,3,6,5,6,3,6,v1,34,0.8035714285714286,34,0.8035714285714286,15,0.9166666666666666,SPY,yfinance,2y,2026-07-28,scan_20260728_215640,False,False
True,0,-3.433329264322917,-5.939997355143229,True,False,觀察 (跌勢收斂),284.3999938964844,2026-07-28 00:00:00,265.64249954223635,1.4294998168945767,False,True,1.8170839177479083,True,0.38387819496220627,60.96432657391706,0.3528565813344497,0.34147296241434916,0.9340719949950671,1.3698738133881783,7.841300475147395,0.9340719949950671,True,True,True,True,False,True,1.0,False,0.0,強勢 (RS強勁),ZBRA,Zebra Technologies,1,v1,phase6a,2026-07-12,3,4,3,4,1,4,v1,109,0.35714285714285715,109,0.35714285714285715,54,0.6845238095238095,SPY,yfinance,2y,2026-07-28,scan_20260728_215640,False,False
